CustomerID,CustomerName,SignupDate,RegionID
1,rahul pillai,2025-03-03,5
2,  Priya Singh  ,29-May-2025,2
3,Manoj Singh,2025-03-28,1
4,Sneha Nair,01-02-2024,2
5,Ritu Pillai,2023-01-17,1
6,Sneha Chawla,2024-06-22,1
7,Suresh Desai,2025-03-07,5
8,Vikram Desai,2024-05-30,5
9,Rohan Mishra,2023-11-05,1
10,Rohan Banerjee,2025-05-17,1
11,Suresh Desai,03-17-2023,3
12,SANJAY PATEL,2023-03-09,5
13,ritu bhatt,2024-12-30,5
14,  Neha Verma  ,2024-04-09,4
15,Vikram Iyer,05/23/2025,5
16,Kavya Chawla,04-07-2024,4
17,Meera Desai,2024-02-13,1
18,Meera Chawla,11/11/2023,3
19,Sneha Banerjee,2023-03-10,1
20,Ananya Chawla,09/04/2023,3
21,Sneha Bhatt,03/03/2023,5
22,Manoj Pillai,2024-11-17,3
23,Nikhil Sharma,2025-09-18,3
24,ADITYA IYER,2024-08-14,2
25,suresh rao,2025-05-17,5
26,  Aditya Iyer  ,2025-02-19,2
27,Nikhil Bhatt,09-24-2025,5
28,Sanjay Bhatt,02/01/2023,3
29,Priya Gupta,07/10/2023,3
30,Meera Joshi,2023-01-07,2
31,Ritu Kulkarni,2023-03-13,1
32,Ananya Mishra,2023-08-09,4
33,Meera Gupta,2024-01-14,3
34,Ritu Chatterjee,03-28-2023,2
35,Arjun Chatterjee,02/20/2023,3
36,ISHITA CHAWLA,12/05/2024,4
37,divya menon,2025-02-12,3
38,  Nikhil Iyer  ,10/18/2023,5
39,Suresh Mishra,2024-11-14,2
40,Pooja Chatterjee,2023-02-26,3
41,Kavya Patel,2025-02-21,3
42,Vikram Nair,05/24/2024,2
43,Sneha Kulkarni,06/29/2024,5
44,Manoj Joshi,2023-03-15,1
45,Nikhil Nair,15-Apr-2024,3
46,Ritu Chawla,2024-08-10,4
47,Karthik Iyer,2024-02-19,3
48,ARJUN CHATTERJEE,04-16-2024,3
49,ananya chawla,2025-05-14,4
50,  Ritu Kulkarni  ,2024-06-20,3
51,Meera Rao,12-08-2023,1
52,Neha Iyer,2024-06-27,3
53,Aditya Patel,2023-08-30,3
54,Kavya Gupta,2024-09-08,1
55,Arjun Banerjee,04-20-2024,5
56,Ishita Kapoor,10/20/2024,5
57,Meera Pillai,2023-06-04,4
58,Ishita Verma,2025-03-26,1
59,Aditya Mishra,2023-03-17,4
60,ROHAN SHARMA,01-13-2024,1
61,ananya chatterjee,2024-08-31,4
62,  Ritu Bhatt  ,09-04-2025,1
63,Ishita Kapoor,2024-10-29,5
64,Suresh Mishra,04-Jun-2023,4
65,Vikram Pillai,2025-01-01,2
66,Rohan Rao,2024-12-25,4
67,Neha Mishra,2024-09-16,3
68,Karthik Kulkarni,02-23-2024,5
69,Rohan Pillai,2023-03-09,5
70,Pooja Verma,09/16/2023,5
71,Sneha Pillai,03/25/2023,2
72,ADITYA VERMA,09/17/2025,4
73,sneha chatterjee,26-Dec-2024,3
74,  Manoj Kulkarni  ,10-20-2024,2
75,Neha Reddy,10/23/2024,5
76,Aditya Nair,2024-01-07,2
77,Meera Banerjee,2023-07-16,2
78,Sneha Reddy,10-30-2023,1
79,Neha Bhatt,05/05/2025,5
80,Rohan Pillai,06-16-2025,2
81,Sanjay Kulkarni,2023-06-07,5
82,Arjun Desai,2023-02-14,2
83,Ishita Chatterjee,10-19-2023,4
84,RAHUL BHATT,2023-09-02,4
85,kavya joshi,25-Nov-2024,4
86,  Ishita Verma  ,2025-03-07,5
87,Nikhil Gupta,2025-04-16,5
88,Sneha Singh,02/23/2023,3
89,Manoj Iyer,12-29-2024,1
90,Karthik Reddy,2025-02-20,4
91,Neha Patel,2025-04-30,2
92,Ishita Joshi,2025-08-10,1
93,Pooja Mishra,2024-01-18,1
94,Aditya Rao,2023-01-29,1
95,Meera Patel,2023-05-21,4
96,SNEHA BANERJEE,04/04/2024,1
97,priya singh,08-09-2023,5
98,  Sanjay Mishra  ,2024-03-09,3
99,Rahul Verma,2023-05-05,4
100,Sanjay Desai,2023-03-06,4
101,Sanjay Bhatt,03/17/2023,5
102,Rahul Patel,2023-10-26,5
103,Aditya Rao,2024-08-07,1
104,Neha Joshi,11-Mar-2023,5
105,Neha Mishra,2024-07-21,4
106,Rohan Kulkarni,2024-01-18,1
107,Aditya Reddy,2023-12-20,1
108,RITU PILLAI,2023-05-17,5
109,meera gupta,04-30-2025,4
110,  Suresh Gupta  ,2025-04-10,4
111,Rohan Verma,2023-07-26,2
112,Rohan Pillai,2025-08-13,4
113,Manoj Banerjee,2023-09-17,2
114,Karthik Joshi,06-01-2025,3
115,Divya Iyer,2025-03-29,4
116,Ishita Kulkarni,14-Dec-2023,4
117,Suresh Joshi,08-04-2025,3
118,Ananya Chawla,2023-03-22,2
119,Manoj Verma,2023-11-25,3
120,KARTHIK VERMA,01/04/2024,4
121,arjun desai,2023-12-26,3
122,  Sanjay Chawla  ,09/10/2023,1
123,Ananya Kulkarni,2024-01-08,2
124,Priya Patel,05/19/2025,4
125,Rohan Patel,2023-03-10,3
126,Aditya Kulkarni,08/30/2025,5
127,Sneha Desai,2025-08-29,4
128,Ananya Kapoor,2023-05-21,4
129,Meera Singh,13-Sep-2023,1
130,Arjun Banerjee,2024-06-14,5
131,Vikram Singh,2025-03-04,4
132,KAVYA CHATTERJEE,10/20/2023,4
133,kavya iyer,05-19-2023,4
134,  Arjun Desai  ,03-31-2023,3
135,Aditya Reddy,2024-07-17,3
136,Arjun Gupta,2025-03-23,2
137,Vikram Menon,2025-03-22,4
138,Priya Joshi,07/21/2024,4
139,Manoj Patel,09-18-2024,1
140,Karthik Kulkarni,04/01/2025,5
141,Nikhil Chawla,04/23/2025,2
142,Meera Reddy,2024-04-05,5
143,Aditya Patel,06-18-2025,5
144,RITU GUPTA,25-Feb-2025,4
145,neha sharma,2025-05-01,2
146,  Karthik Gupta  ,2023-06-15,2
147,Aditya Mishra,2025-07-05,1
148,Divya Menon,12-Oct-2024,3
149,Sneha Verma,2024-09-21,5
150,Arjun Kapoor,08/22/2025,2
151,Sanjay Chatterjee,12-12-2023,5
152,Rohan Nair,2023-03-25,5
153,Divya Menon,02/24/2025,5
154,Priya Banerjee,06/29/2025,3
155,Karthik Banerjee,09-08-2023,4
156,KARTHIK DESAI,03/16/2023,2
157,ishita chawla,2024-05-10,3
158,  Sanjay Patel  ,11-17-2023,3
159,Aditya Kulkarni,05-14-2023,5
160,Manoj Iyer,2023-11-23,1
161,Divya Desai,2023-09-11,1
162,Karthik Kulkarni,03/06/2025,2
163,Arjun Pillai,08/14/2025,3
164,Kavya Gupta,25-May-2024,4
165,Suresh Verma,2024-05-24,4
166,Neha Desai,2025-09-16,5
167,Aditya Sharma,2023-02-21,5
168,SURESH VERMA,2024-07-03,1
169,nikhil patel,2025-06-22,3
170,  Pooja Joshi  ,2023-02-16,5
171,Manoj Menon,07/01/2024,1
172,Pooja Mishra,04-06-2024,3
173,Sanjay Chatterjee,2023-05-02,1
174,Pooja Joshi,24-Mar-2025,5
175,Aditya Patel,07/23/2023,4
176,Neha Sharma,2023-02-16,3
177,Suresh Mishra,2024-04-12,5
178,Sneha Pillai,11/08/2025,2
179,Pooja Chatterjee,01-27-2025,5
180,MEERA MISHRA,2025-04-28,4
181,ritu verma,05-01-2024,3
182,  Meera Iyer  ,02/03/2024,1
183,Sanjay Banerjee,29-Sep-2023,5
184,Ritu Rao,2025-01-08,4
185,Arjun Mishra,06/10/2024,4
186,Sneha Rao,02/02/2023,1
187,Kavya Nair,2024-03-27,2
188,Nikhil Menon,2024-02-25,5
189,Suresh Sharma,2024-12-23,2
190,Manoj Pillai,2024-11-09,4
191,Meera Gupta,15-Apr-2024,3
192,MANOJ JOSHI,11-23-2024,3
193,sanjay banerjee,16-Jul-2023,3
194,  Manoj Verma  ,19-Aug-2023,3
195,Karthik Menon,07/12/2024,3
196,Suresh Joshi,27-Jul-2024,3
197,Karthik Iyer,10/08/2024,4
198,Pooja Joshi,09-04-2025,2
199,Karthik Sharma,22-Oct-2023,1
200,Aditya Desai,2024-11-02,4
201,Kavya Menon,2025-04-27,5
202,Divya Patel,04/22/2023,5
203,Rahul Rao,02/21/2023,5
204,RAHUL RAO,2023-02-23,3
205,suresh iyer,11-28-2024,1
206,  Manoj Gupta  ,02/21/2024,4
207,Suresh Menon,13-Feb-2025,3
208,Karthik Sharma,07-18-2025,5
209,Rahul Bhatt,01/26/2025,1
210,Arjun Chawla,06-22-2025,1
211,Pooja Banerjee,10-Jul-2023,3
212,Rohan Nair,02/11/2023,1
213,Meera Verma,10-Apr-2024,5
214,Neha Banerjee,29-Jun-2025,5
215,Ishita Singh,07-17-2023,3
216,ARJUN DESAI,2024-10-25,2
217,priya pillai,2025-03-20,2
218,  Arjun Chatterjee  ,05/26/2025,4
219,Nikhil Mishra,2023-12-02,1
220,Arjun Patel,2024-05-03,2
221,Priya Singh,2024-01-28,3
222,Meera Verma,08/19/2024,1
223,Divya Joshi,2024-12-10,1
224,Ishita Verma,2023-06-13,5
225,Karthik Iyer,16-Oct-2024,3
226,Aditya Chatterjee,2023-08-15,2
227,Suresh Patel,10/04/2024,5
228,ADITYA CHAWLA,2024-12-19,4
229,manoj menon,2025-02-19,5
230,  Ananya Mishra  ,2024-04-02,3
231,Ananya Kapoor,2023-04-25,5
232,Neha Menon,2024-08-09,2
233,Meera Mishra,2024-03-28,2
234,Ritu Banerjee,04-04-2023,4
235,Rohan Desai,2023-05-16,4
236,Ritu Sharma,2024-07-26,3
237,Priya Kulkarni,09-18-2023,2
238,Ritu Reddy,2023-02-16,1
239,Manoj Sharma,08-15-2025,4
240,ROHAN VERMA,2024-02-23,2
241,nikhil joshi,2025-07-01,4
242,  Pooja Reddy  ,30-Nov-2024,5
243,Sneha Joshi,2023-05-02,5
244,Pooja Mishra,11/05/2023,2
245,Priya Nair,2023-11-02,5
246,Nikhil Bhatt,01-24-2024,2
247,Ishita Joshi,2023-06-08,1
248,Rohan Chawla,09-21-2024,1
249,Rahul Menon,2023-03-10,1
250,Ishita Chatterjee,11/19/2024,1
251,Rahul Sharma,2024-02-16,5
252,KAVYA SHARMA,2023-05-24,3
253,rahul kapoor,11/23/2023,3
254,  Rahul Verma  ,2025-06-16,5
255,Rahul Chawla,2023-11-04,5
256,Ritu Gupta,03/10/2024,5
257,Suresh Sharma,2025-09-22,4
258,Neha Pillai,2024-12-14,2
259,Karthik Kulkarni,07-08-2023,4
260,Rahul Rao,11-04-2023,2
261,Ishita Sharma,2024-07-29,4
262,Manoj Mishra,2023-05-18,3
263,Kavya Pillai,2024-10-24,4
264,ADITYA REDDY,02/07/2024,2
265,rohan singh,01/22/2024,5
266,  Rohan Reddy  ,07-12-2023,5
267,Manoj Menon,2024-05-05,3
268,Karthik Nair,05-Aug-2023,1
269,Suresh Rao,12/13/2024,2
270,Pooja Rao,2024-07-19,3
271,Pooja Desai,06/30/2024,3
272,Divya Joshi,06-09-2024,4
273,Vikram Banerjee,02-18-2025,2
274,Aditya Pillai,2024-02-28,2
275,Sneha Nair,09/25/2023,5
276,RITU CHAWLA,2023-10-30,3
277,rahul kulkarni,08-06-2024,4
278,  Manoj Pillai  ,09-21-2023,4
279,Suresh Desai,06/22/2023,3
280,Arjun Patel,2025-01-07,2
281,Manoj Sharma,2024-06-20,1
282,Rohan Nair,2024-02-27,2
283,Ananya Patel,2023-01-10,4
284,Aditya Sharma,09/24/2024,5
285,Suresh Banerjee,2023-01-17,5
286,Nikhil Nair,2023-01-18,3
287,Manoj Verma,2023-01-18,4
288,ARJUN IYER,2025-07-29,2
289,rahul menon,2024-09-26,3
290,  Divya Kulkarni  ,2023-03-22,4
291,Ishita Kapoor,07-Sep-2023,2
292,Karthik Reddy,31-Oct-2024,1
293,Ananya Kulkarni,2024-01-24,4
294,Rohan Nair,2024-12-20,4
295,Nikhil Pillai,02-Aug-2024,1
296,Neha Sharma,2023-08-24,5
297,Suresh Singh,17-Feb-2023,3
298,Manoj Kapoor,2024-11-04,3
299,Priya Menon,2024-08-24,4
300,ANANYA VERMA,06/16/2023,5
301,pooja bhatt,2023-12-06,2
302,  Ananya Mishra  ,02-Feb-2025,1
303,Vikram Chawla,08-26-2023,3
304,Sanjay Chatterjee,04/09/2025,3
305,Priya Singh,13-Mar-2025,4
306,Rahul Joshi,20-Jul-2024,4
307,Arjun Kapoor,2024-11-07,5
308,Karthik Rao,2024-12-31,3
309,Sneha Kulkarni,12-29-2024,2
310,Pooja Pillai,2024-01-05,1
311,Karthik Desai,01-04-2024,1
312,SNEHA REDDY,2023-07-11,5
313,manoj mishra,2024-02-22,1
314,  Aditya Bhatt  ,06/04/2023,3
315,Pooja Nair,2023-10-26,1
316,Manoj Rao,2024-08-08,4
317,Arjun Patel,2023-10-03,4
318,Sneha Reddy,2023-06-21,4
319,Karthik Banerjee,2025-03-12,3
320,Rahul Banerjee,08/31/2024,4
321,Vikram Patel,2023-11-08,4
322,Meera Chatterjee,01-25-2024,3
323,Ishita Pillai,03-16-2024,5
324,SNEHA VERMA,11/25/2023,2
325,suresh pillai,01-Jul-2023,3
326,  Karthik Banerjee  ,09/17/2025,2
327,Meera Kulkarni,10-15-2023,4
328,Aditya Iyer,12/08/2025,5
329,Manoj Gupta,11-29-2024,1
330,Ishita Menon,03-24-2024,1
331,Nikhil Banerjee,05/23/2023,2
332,Divya Patel,2025-01-02,4
333,Ananya Desai,2024-09-04,4
334,Manoj Mishra,03-Aug-2025,4
335,Manoj Sharma,20-Mar-2025,5
336,SANJAY REDDY,04-22-2023,3
337,arjun chatterjee,02/15/2023,4
338,  Meera Chawla  ,2023-04-19,3
339,Rahul Mishra,2025-02-03,5
340,Ritu Rao,2024-04-01,4
341,Ritu Mishra,2023-06-04,1
342,Suresh Iyer,2023-10-30,1
343,Vikram Patel,2023-12-23,4
344,Kavya Mishra,2024-05-09,1
345,Ishita Desai,2023-11-23,1
346,Vikram Nair,2025-05-19,1
347,Arjun Rao,2024-06-12,2
348,MEERA BHATT,12-Mar-2024,2
349,pooja gupta,10/07/2023,4
350,  Pooja Nair  ,01/25/2025,2
