OrderID,OrderDate,CustomerID,RegionID
1,2025-08-29,231,1
2,2024-07-29,110,1
3,14-04-2024,296,5
4,2025-01-09,96,4
5,25/09/2024,59,4
6,2025-10-16,271,4
7,05/02/2025,313,3
8,13/04/2025,181,3
9,2025-08-27,315,2
10,2024-04-30,161,1
11,17/01/2025,94,5
12,04/03/2025,199,5
13,2025-03-09,197,5
14,26/06/2024,331,4
15,2024-05-23,148,4
16,24-02-2024,318,1
17,2024-05-19,249,4
18,01/06/2025,288,4
19,01/03/2025,252,4
20,2024-06-20,251,1
21,2024-10-26,113,2
22,2024-10-22,276,4
23,2025-05-22,290,1
24,2024-04-26,294,5
25,07-09-2025,188,1
26,2025-07-13,226,4
27,31-10-2025,53,3
28,2025-04-05,17,1
29,30-04-2024,225,2
30,25/08/2025,108,5
31,2025-03-14,324,2
32,30-07-2024,106,5
33,2025-06-29,180,5
34,27-Nov-2024,87,3
35,2025-08-09,149,5
36,2024-04-07,348,4
37,10-10-2024,31,2
38,2024-09-12,68,3
39,2025-11-23,127,2
40,2025-10-09,296,
41,2025-01-19,213,1
42,11/06/2025,207,3
43,2025-05-14,233,1
44,14/04/2025,48,3
45,2025-07-01,33,4
46,2025-05-21,109,3
47,14/07/2025,173,5
48,17-12-2024,249,1
49,11/04/2024,24,4
50,07-May-2024,9,2
51,2025-04-12,226,4
52,06-Dec-2025,104,3
53,2024-10-07,82,3
54,2024-03-25,129,2
55,09/02/2025,27,2
56,2025-11-02,220,1
57,2024-08-06,1,2
58,2024-08-19,304,4
59,09/01/2024,5,1
60,2025-12-11,217,1
61,2025-01-27,118,1
62,2024-11-16,53,3
63,26-01-2025,71,2
64,2025-11-24,329,5
65,09/01/2024,289,2
66,25/12/2024,226,2
67,22/09/2025,211,2
68,2024-04-12,45,1
69,2025-01-28,302,4
70,2024-05-23,162,1
71,20/07/2025,128,5
72,2025-12-08,146,3
73,14/06/2025,106,2
74,29/10/2024,201,2
75,2025-01-30,254,4
76,2025-08-31,327,1
77,2024-11-20,185,5
78,2025-01-09,216,2
79,2024-03-15,242,1
80,2024-09-25,8,
81,2025-02-11,31,5
82,09/03/2025,213,1
83,2025-07-03,328,2
84,2024-03-26,143,5
85,2024-06-08,105,4
86,10-11-2025,301,1
87,2025-12-16,159,2
88,2024-09-07,30,4
89,09/04/2025,60,1
90,13/11/2025,159,2
91,13/01/2024,62,1
92,23-May-2025,84,5
93,2024-09-22,265,2
94,30-04-2024,138,1
95,2025-03-15,172,1
96,30-Dec-2025,135,1
97,2025-04-11,255,1
98,2025-08-03,256,2
99,15-04-2024,131,1
100,2025-06-05,117,1
101,2024-02-17,126,4
102,02-Jul-2024,77,1
103,2025-11-02,284,3
104,02-Mar-2025,128,3
105,20/03/2024,139,1
106,20-Nov-2025,258,2
107,12-Jun-2025,115,4
108,21-04-2025,36,3
109,29/03/2024,168,1
110,2024-07-24,189,3
111,2024-09-05,319,5
112,19/07/2024,253,5
113,2024-06-03,126,4
114,2024-08-26,13,1
115,01-02-2024,172,4
116,2024-04-16,158,2
117,18-May-2025,215,2
118,2024-04-05,144,2
119,26/02/2025,267,3
120,27/03/2024,235,
121,16/05/2024,259,4
122,29/08/2025,39,4
123,2024-05-13,340,3
124,06/02/2025,162,3
125,2025-04-08,163,1
126,19-05-2024,104,5
127,2024-06-08,56,4
128,2024-11-17,239,5
129,2024-07-31,184,4
130,2024-05-02,136,3
131,2024-02-11,309,3
132,03/04/2024,76,3
133,2025-06-09,203,3
134,2024-06-27,134,4
135,23/07/2025,232,2
136,2025-04-18,49,2
137,2024-01-13,63,2
138,21-07-2024,67,3
139,2025-10-22,323,5
140,2024-03-17,133,1
141,2025-10-23,102,2
142,2024-12-05,48,4
143,21-Jun-2024,26,4
144,2025-05-23,203,4
145,2024-12-28,89,2
146,2024-10-13,141,2
147,20/09/2025,18,2
148,2024-10-29,332,5
149,2024-03-03,246,4
150,2025-03-05,71,5
151,07-Oct-2025,128,5
152,26-01-2025,10,3
153,07-11-2025,246,3
154,2025-05-29,290,3
155,2024-01-27,93,2
156,2024-10-14,16,4
157,01-01-2025,272,2
158,2024-04-12,82,2
159,30-06-2025,137,1
160,08-12-2025,113,
161,29-Dec-2024,199,2
162,30/08/2024,91,3
163,29/01/2024,303,3
164,2025-07-31,291,2
165,2025-07-09,253,4
166,2024-04-02,20,5
167,2024-01-21,113,1
168,2025-09-20,170,2
169,30-Jun-2024,175,3
170,2024-01-23,31,2
171,22-06-2025,57,1
172,22-Dec-2025,192,4
173,2024-04-13,301,3
174,10/06/2024,70,4
175,13/05/2025,328,2
176,12-11-2025,288,5
177,16/08/2024,183,2
178,10/11/2024,194,3
179,30/06/2024,66,5
180,2025-08-04,201,5
181,2025-09-18,163,5
182,2025-05-23,54,1
183,21-Dec-2024,122,2
184,31-03-2024,326,3
185,2024-01-12,229,2
186,2024-12-24,35,1
187,2024-02-19,1,4
188,2025-02-27,86,4
189,2025-07-13,180,4
190,28-10-2025,296,2
191,2025-04-07,84,1
192,2024-01-21,151,1
193,2024-12-16,38,4
194,2024-03-17,83,1
195,31-Aug-2025,174,4
196,17-Mar-2025,16,2
197,2025-03-20,311,1
198,29-Jul-2024,170,4
199,2025-07-07,284,3
200,2024-08-31,153,
201,2025-08-08,202,4
202,2024-02-25,79,4
203,28-10-2024,45,5
204,2024-07-23,246,2
205,2025-10-15,88,1
206,2024-04-28,243,4
207,15-05-2025,242,3
208,2025-10-19,47,2
209,2025-01-25,190,4
210,2024-09-26,23,3
211,02/10/2024,116,2
212,2024-04-09,342,3
213,27-Feb-2025,278,5
214,2025-07-20,117,4
215,04-Mar-2025,268,4
216,2024-08-29,294,1
217,2024-02-05,203,5
218,24-Nov-2025,293,2
219,2025-04-04,62,2
220,2024-07-16,109,4
221,2025-11-30,41,2
222,2024-09-21,305,1
223,01/02/2025,45,5
224,2024-10-09,167,1
225,2025-08-24,320,4
226,2025-02-28,58,5
227,19-08-2025,302,1
228,30-07-2025,55,3
229,18-12-2024,275,3
230,2025-11-01,197,5
231,2024-02-08,243,4
232,25/09/2025,74,4
233,02-09-2025,20,3
234,20/02/2024,122,3
235,2024-01-21,191,3
236,14-10-2024,160,1
237,2024-05-17,117,4
238,02/10/2024,165,5
239,2024-04-01,331,2
240,05-11-2025,209,
241,2024-02-27,192,2
242,14/11/2024,34,4
243,20-06-2025,70,1
244,16-07-2024,89,2
245,2024-09-12,30,1
246,2025-12-22,185,3
247,2025-06-01,238,1
248,2024-02-01,349,4
249,2025-04-01,305,4
250,2025-07-18,301,2
251,2025-12-06,133,1
252,2024-02-20,198,5
253,14/08/2024,110,2
254,2025-10-29,138,1
255,2024-01-10,350,2
256,26/06/2024,332,1
257,15/09/2024,115,3
258,2024-10-08,330,4
259,2025-04-15,179,4
260,2025-11-24,155,5
261,2025-08-21,204,5
262,18/01/2025,340,5
263,2024-10-16,312,1
264,2024-03-06,247,3
265,28-11-2024,328,3
266,29-Dec-2025,336,3
267,2024-06-02,97,2
268,2025-09-06,30,3
269,23/05/2024,349,4
270,22-Sep-2024,152,4
271,06/02/2024,199,5
272,17/12/2024,98,2
273,15-10-2025,274,3
274,11-03-2024,260,5
275,2024-10-27,93,2
276,26-07-2025,133,2
277,09/12/2024,349,2
278,16/08/2024,182,3
279,2024-12-05,216,5
280,19-04-2025,151,
281,24-02-2024,241,5
282,2025-09-27,298,2
283,05-02-2024,257,4
284,2024-11-01,272,2
285,2024-07-24,71,5
286,2024-05-26,235,2
287,2025-05-14,42,2
288,2025-10-11,161,4
289,08-02-2024,141,2
290,2024-06-11,296,1
291,2025-09-21,67,4
292,15-Mar-2025,207,4
293,2024-02-08,3,3
294,25-11-2024,8,5
295,19/01/2024,98,2
296,12-11-2025,116,3
297,2024-04-15,67,5
298,2024-06-20,157,1
299,2024-10-24,153,5
300,2025-06-20,306,2
301,2025-05-16,176,2
302,2025-02-17,85,2
303,04/08/2024,68,5
304,2024-06-22,259,1
305,2025-10-17,193,5
306,19/02/2024,320,1
307,20/04/2024,339,1
308,2025-12-07,25,4
309,2024-05-06,195,4
310,29/07/2024,79,1
311,06/03/2025,155,5
312,29/09/2025,139,2
313,2024-04-17,215,5
314,2024-10-16,61,1
315,22/07/2024,255,3
316,2024-07-25,268,4
317,2024-06-13,152,4
318,05-Dec-2025,107,3
319,2024-01-03,121,1
320,10/08/2025,57,
321,04-02-2024,77,1
322,19/09/2024,52,4
323,2024-09-27,152,1
324,02-10-2024,90,3
325,2024-11-16,347,1
326,2024-02-16,49,2
327,2025-10-24,340,3
328,2025-09-28,225,1
329,2024-12-16,191,4
330,2025-04-12,205,4
331,07/03/2025,245,2
332,15/05/2024,58,1
333,2024-04-16,82,5
334,05/08/2025,248,2
335,23-01-2025,313,5
336,12-01-2025,15,2
337,2025-05-14,248,4
338,2024-02-17,226,3
339,22-12-2025,7,5
340,2025-08-01,296,3
341,19/06/2025,266,5
342,19/03/2025,49,2
343,20/12/2024,247,4
344,25-07-2025,77,5
345,12/01/2024,28,2
346,25-04-2025,259,2
347,2025-05-18,39,3
348,2024-02-21,143,5
349,2025-01-22,330,2
350,2025-04-15,41,5
351,31-03-2024,230,4
352,01-May-2024,162,1
353,2025-02-17,53,5
354,01-01-2024,282,5
355,2025-10-14,317,5
356,30/07/2024,288,4
357,01-07-2025,175,2
358,05/12/2024,233,5
359,29/04/2025,308,3
360,2024-04-26,232,
361,2024-08-15,338,3
362,2024-10-25,325,3
363,16-02-2024,55,4
364,2025-02-23,72,5
365,2024-07-11,101,4
366,13-04-2025,111,2
367,20-04-2024,174,1
368,19/11/2025,325,4
369,05/11/2025,235,5
370,2025-05-25,69,1
371,19-03-2025,284,4
372,30/06/2024,261,2
373,2024-04-16,66,5
374,2024-11-25,311,4
375,15-Sep-2025,215,2
376,11-Feb-2025,141,3
377,2024-05-16,232,5
378,11-02-2024,263,5
379,29/12/2025,161,5
380,2024-08-10,324,5
381,2025-12-04,149,2
382,2024-07-01,333,3
383,26/12/2024,60,5
384,14/11/2025,293,5
385,03-08-2025,147,5
386,2024-01-26,55,1
387,2024-02-27,344,2
388,2025-11-30,147,1
389,27-07-2024,152,1
390,2025-04-08,184,5
391,24/10/2025,115,2
392,2025-12-13,262,1
393,2025-01-31,196,3
394,2024-02-25,283,3
395,27-09-2025,104,4
396,10/10/2025,116,3
397,13/07/2025,302,2
398,2024-10-28,100,1
399,26/06/2024,96,1
400,2024-02-11,194,
401,2024-09-27,285,5
402,2024-01-06,131,2
403,06-Jun-2024,21,5
404,02/10/2025,27,3
405,09/08/2025,252,1
406,2025-06-22,163,2
407,03-10-2024,267,2
408,2025-07-10,213,1
409,14-08-2024,179,3
410,2025-01-04,170,5
411,01-May-2025,272,1
412,2025-11-15,59,2
413,20-Sep-2025,329,2
414,29-11-2025,21,4
415,2025-01-30,59,3
416,13-06-2025,13,3
417,2025-06-04,264,1
418,2025-10-29,152,5
419,2024-04-08,43,5
420,08/01/2024,274,2
421,10-06-2025,344,4
422,2024-07-29,54,4
423,14/03/2024,332,2
424,15/04/2025,13,1
425,2024-03-16,45,3
426,13/03/2024,286,2
427,2025-02-21,133,4
428,2024-11-19,222,1
429,07/01/2024,274,5
430,2025-08-22,33,1
431,2025-05-29,184,3
432,2024-03-29,311,4
433,02-08-2025,196,1
434,2024-06-09,243,2
435,2025-07-12,201,2
436,24-11-2025,153,3
437,20-07-2025,6,2
438,2024-02-12,64,5
439,2025-07-04,202,1
440,03/08/2024,157,
441,2024-08-04,177,5
442,2024-06-13,73,5
443,2024-07-17,130,5
444,2025-07-16,28,5
445,24/10/2024,38,3
446,21/07/2024,51,4
447,2024-12-31,170,2
448,18/10/2024,52,2
449,2025-05-12,163,5
450,09/11/2024,338,2
451,2025-08-03,290,3
452,2024-06-21,220,2
453,30/12/2025,114,4
454,2025-01-03,142,3
455,2025-04-18,246,3
456,2025-07-18,250,5
457,14-10-2024,42,2
458,2024-07-20,276,1
459,20-01-2024,39,1
460,2025-08-15,298,5
461,07/02/2024,109,5
462,28/04/2025,277,2
463,2025-02-05,188,5
464,2024-05-17,149,5
465,2025-02-10,47,1
466,09-01-2024,340,5
467,2025-06-10,85,2
468,02-Aug-2025,92,2
469,2025-01-02,248,4
470,2024-03-05,119,2
471,2025-11-15,22,3
472,25-Apr-2025,199,1
473,2025-10-26,21,5
474,10-07-2024,325,3
475,11/07/2025,297,4
476,2025-01-22,335,1
477,2024-09-14,265,2
478,2025-02-19,265,3
479,05-08-2025,250,1
480,2024-05-22,257,
481,2024-03-19,118,3
482,2024-06-02,109,3
483,01/05/2024,309,4
484,2024-04-26,170,4
485,03/08/2024,246,4
486,2024-09-06,12,5
487,2024-06-13,304,5
488,2025-08-09,21,2
489,2024-07-03,133,4
490,31/07/2025,307,3
491,2024-08-09,44,4
492,2024-06-23,247,4
493,26-05-2024,308,2
494,2025-11-06,320,2
495,09/04/2025,176,1
496,2025-01-22,118,1
497,2024-07-26,9,5
498,02/06/2024,215,2
499,21/09/2025,244,5
500,2024-04-30,258,2
501,07-06-2025,309,4
502,2025-03-06,268,1
503,2025-03-15,272,4
504,24/12/2024,196,5
505,2025-03-11,51,4
506,2024-03-26,120,5
507,2024-09-20,210,1
508,2025-06-19,296,1
509,2025-11-01,193,3
510,2025-01-05,210,4
511,2025-08-22,334,5
512,2025-08-01,217,3
513,02-10-2025,349,4
514,2025-07-24,283,3
515,2025-07-22,287,3
516,18-12-2024,296,4
517,2025-11-06,71,2
518,17-Dec-2025,229,1
519,2025-06-04,110,3
520,20/09/2025,282,
521,2024-06-13,27,1
522,2024-05-28,47,5
523,2024-03-31,223,2
524,22/03/2024,190,4
525,20/09/2025,206,3
526,28-Feb-2024,306,2
527,2025-05-21,328,2
528,2025-06-14,337,1
529,2025-06-06,307,2
530,22/06/2024,315,3
531,2025-11-01,123,2
532,10-09-2024,45,3
533,2025-02-08,343,2
534,16/01/2024,266,1
535,2025-07-16,47,5
536,2024-12-22,299,3
537,12-Sep-2025,116,4
538,2025-08-11,207,2
539,2025-06-02,209,1
540,2024-10-28,258,1
541,20-09-2024,263,5
542,2025-12-11,129,4
543,05-10-2025,289,3
544,2025-11-28,235,5
545,2025-05-08,15,1
546,10-10-2025,196,2
547,2025-12-19,347,3
548,2024-12-27,212,1
549,2024-09-11,135,4
550,2024-12-16,345,2
551,2024-11-17,244,5
552,06-Jul-2024,138,2
553,2024-07-23,256,2
554,2024-07-30,136,2
555,2024-12-30,317,1
556,21/03/2024,62,4
557,01-07-2024,315,5
558,2025-05-08,22,3
559,08-11-2025,253,4
560,2025-06-07,94,
561,2025-08-13,114,5
562,04-May-2025,217,1
563,2024-12-21,258,2
564,03/05/2024,235,4
565,2025-12-06,162,2
566,2025-08-17,195,3
567,2024-09-22,314,3
568,2024-10-02,122,5
569,2025-01-09,176,4
570,05/03/2025,108,3
571,2025-02-14,187,2
572,14-May-2024,293,2
573,10-03-2024,52,5
574,2025-01-25,222,2
575,2024-01-10,243,4
576,2025-10-07,69,3
577,2024-11-03,250,5
578,2025-02-11,25,2
579,08-08-2024,31,4
580,2024-04-08,323,3
581,2025-01-04,134,5
582,2024-12-18,132,1
583,26-Nov-2025,180,2
584,12/08/2025,296,5
585,2024-10-18,90,5
586,04-02-2025,250,4
587,2024-10-20,315,2
588,17-10-2025,86,3
589,08/10/2025,216,4
590,2024-03-22,37,2
591,20/11/2024,161,3
592,2025-10-22,310,4
593,2025-08-24,186,4
594,2024-06-20,212,1
595,28/08/2024,65,1
596,2024-06-19,108,1
597,2025-04-29,33,1
598,20-06-2025,204,1
599,25/09/2024,54,1
600,2025-02-03,336,
601,2024-10-17,127,2
602,23-06-2025,68,1
603,2025-11-10,18,3
604,23-Apr-2025,244,5
605,2025-07-15,140,5
606,28/08/2025,91,5
607,20/06/2025,223,5
608,2024-12-21,159,2
609,2025-03-28,46,4
610,2024-06-08,134,1
611,2024-05-19,268,4
612,09/01/2024,274,4
613,2024-11-02,245,4
614,2025-09-03,150,1
615,2025-01-17,281,5
616,2025-02-08,224,4
617,2024-08-13,194,4
618,2024-09-02,321,5
619,18/10/2024,140,5
620,2025-02-26,138,1
621,2024-05-19,94,4
622,2025-04-08,317,5
623,2024-07-11,252,2
624,2025-07-01,26,1
625,2024-10-02,145,4
626,2024-08-26,5,1
627,2024-08-10,253,3
628,2025-01-15,256,1
629,23-03-2024,170,2
630,29-09-2024,29,1
631,2025-04-26,279,3
632,2024-01-13,196,2
633,2025-03-29,198,1
634,16/04/2025,102,1
635,12-Nov-2025,267,4
636,28-Nov-2025,200,3
637,06/10/2025,82,5
638,2024-05-05,267,3
639,01-04-2025,102,2
640,29/08/2024,58,
641,2024-01-16,167,3
642,2024-05-02,300,2
643,13/02/2024,5,4
644,2024-06-07,306,1
645,2024-06-10,128,5
646,2025-10-02,174,3
647,06/06/2024,331,1
648,2025-05-14,65,5
649,21-12-2024,331,4
650,22/01/2024,99,3
651,13-09-2024,69,4
652,2025-07-26,225,4
653,2025-08-03,98,3
654,2025-04-24,166,5
655,2024-06-13,284,2
656,29-10-2024,231,5
657,2025-04-09,188,5
658,07-08-2024,195,5
659,2025-09-27,187,1
660,07-05-2025,338,2
661,2025-11-30,269,5
662,2025-09-19,79,4
663,2024-11-25,329,5
664,2024-03-09,338,2
665,2024-02-02,92,4
666,2024-04-11,99,4
667,2025-05-16,337,5
668,2024-02-20,132,5
669,14-Jan-2024,37,2
670,18-May-2025,336,1
671,2025-10-16,240,5
672,01-12-2025,213,1
673,2024-09-29,316,1
674,20-Mar-2024,156,5
675,13/04/2024,50,5
676,2024-07-13,198,2
677,02-Oct-2025,292,5
678,01/03/2025,286,5
679,2025-11-21,184,4
680,19-06-2024,54,
681,2025-02-15,282,2
682,2025-09-06,274,3
683,17-Jul-2025,162,3
684,26-02-2025,191,4
685,2025-09-15,166,5
686,19-01-2025,110,3
687,2025-04-08,185,4
688,05-Feb-2024,1,5
689,2025-06-14,9,3
690,03-Nov-2024,4,2
691,23-01-2024,162,3
692,07/06/2025,284,5
693,2024-04-06,80,3
694,2024-05-21,80,5
695,2024-08-26,128,3
696,2025-08-07,48,2
697,28-11-2024,40,2
698,07/12/2025,250,1
699,2025-10-19,305,5
700,21-03-2024,196,3
701,2025-03-20,179,1
702,30-10-2025,117,1
703,2025-10-09,325,3
704,2024-02-12,269,5
705,2024-11-30,77,2
706,21/02/2024,79,4
707,01/09/2025,229,1
708,2025-03-18,114,4
709,2024-05-15,76,4
710,2024-02-20,293,3
711,2025-02-12,44,2
712,07/05/2025,70,4
713,29/10/2025,203,5
714,2025-06-20,316,1
715,2025-03-16,137,5
716,25/04/2024,46,4
717,2024-12-22,188,3
718,2025-11-02,305,3
719,24/12/2024,87,4
720,2024-05-29,320,
721,23/07/2024,120,2
722,25/04/2024,44,2
723,31-05-2024,318,3
724,17/12/2024,8,1
725,2025-04-05,157,3
726,2025-07-04,108,5
727,2024-09-21,268,5
728,12/12/2025,73,1
729,19-Aug-2025,193,5
730,2024-09-18,23,3
731,14/12/2025,103,1
732,01-Nov-2025,239,1
733,2025-11-07,199,3
734,2024-01-20,56,4
735,2025-01-24,119,1
736,05-11-2025,162,5
737,2024-07-09,46,4
738,2025-12-30,288,2
739,2024-11-08,272,4
740,2024-01-19,81,3
741,2025-10-02,182,5
742,04/03/2024,142,4
743,22-Jul-2025,16,2
744,15-12-2024,78,2
745,2025-01-26,45,5
746,2025-12-03,321,2
747,2024-06-05,294,3
748,2024-12-03,310,2
749,2025-10-30,106,5
750,2024-05-21,104,5
751,16-Mar-2025,70,2
752,01-Aug-2025,336,3
753,2025-07-24,35,1
754,21-11-2024,95,2
755,22-11-2024,16,4
756,2024-11-06,211,3
757,2024-07-11,78,2
758,18/09/2025,14,5
759,2025-09-19,291,2
760,2025-12-04,119,
761,12-05-2025,41,2
762,2025-09-11,258,3
763,2025-01-31,95,2
764,2024-07-16,84,4
765,03-Oct-2024,8,2
766,26-07-2024,344,1
767,25-03-2025,91,4
768,13-04-2025,167,4
769,12/02/2024,208,4
770,07/02/2025,161,5
771,2025-07-03,305,1
772,2024-04-21,267,1
773,2025-06-15,126,1
774,2025-01-31,286,1
775,2024-10-25,98,3
776,2025-04-17,147,3
777,25/02/2024,314,2
778,2025-10-23,238,5
779,07-03-2024,58,5
780,2025-02-06,70,4
781,2024-07-02,13,2
782,2024-04-02,233,2
783,2024-04-03,64,4
784,2025-01-06,325,4
785,18-Sep-2025,262,4
786,2025-01-24,282,2
787,08-02-2025,172,2
788,2024-05-28,84,1
789,2024-11-11,215,4
790,2025-10-03,148,2
791,04/01/2024,104,3
792,2025-04-14,7,4
793,06/01/2024,279,4
794,10/08/2024,122,4
795,2025-02-23,233,5
796,2024-01-07,308,5
797,26/09/2025,143,2
798,2024-07-08,26,3
799,28-05-2024,19,5
800,2024-11-01,309,
