OrderItemID|OrderID|ProductID|Quantity|UnitPrice|CategoryID_Redundant
357|142|76|1|5915.01|4
201|81|24|2|5051.06|2
689|271|52|5||3
1933|765|16|3|5393.82|1
1545|608|102|1|2540.1|6
1598|628|9|4|660.21|1
1622|636|29|1|1655.49|2
1339|529|18|4|4581.06|1
1796|709|103|1|2688.38|6
874|342|67|5|4736.25|4
543|212|62|4|4180.66|4
378|150|28|6|5775.49|2
236|95|9|5|4560.07|1
352|140|76|1|"₹5|470.30"|4
918|357|6|2|"₹5|323.70"|1
1755|692|4||1771.19|1
1354|535|78|2|1149.6|4
1088|427|84|6|4730.98|5
755|298|25|6|235.39|2
1330|524|59|6|5824.27|3
129|53|75|4|419.6|4
557|217|58|5|1530.51|3
1135|444|16|1|586.56|1
183|74|23|3|5752.71|2
1175|461|101|4|2334.76|6
198|80|99|1|974.2|5
1653|648|29|5|4226.12|2
325|129|18|1|686.66|1
586|228|115|5|287.62|6
1754|691|60|4|4898.61|3
716|282|35|5|1579.24|2
617|245|54|4|"₹5|325.12"|3
243|97|64|5|4464.15|4
781|307|57|1|1877.68|3
127|52|13|2|4451.71|1
695|273|20|3|5716.77|1
541|211|56|5|204.7|3
1505|589|3|5|5600.73|1
1886|747|75|3|346.54|4
526|206|67|4|1842.34|4
555|216|116|2|4457.81|6
643|254|32|1|2033.3|2
930|361|118|2|2028.95|6
800|314|100|2|968.71|5
1902|754|28|4|5000.29|2
959|375|48|1|496.25|3
933|362|57|2|2876.65|3
534|209|6|1|2554.88|1
1535|604|24|2|3948.88|2
1578|622|10|2|3975.03|1
954|373|55|1||3
1174|461|106|2|1965.53|6
1588|626|41|3|1268.09|3
910|355|59|4|3498.18|3
1826|723|46|2|2123.44|3
992|390|82|2|1702.98|5
246|98|16|6|"₹4|027.89"|1
1076|422|58|1|2943.79|3
1873|742|84|5|171.8|5
1527|601|108|6|5507.33|6
1855|735|85|3||5
1405|556|103|3|3914.22|6
1632|640|50|4|5219.37|3
391|156|55|6|5442.37|3
1062|418|66|4|3994.35|4
442|175|48|2|2420.62|3
1367|541|46|3|3014.82|3
1376|544|1|2|5963.04|1
1021|400|75|6|5063.94|4
1561|614|84|3|2854.56|5
1989|788|63|6|2413.04|4
912|356|45|6|5070.57|3
919|357|21|3|5306.08|2
1331|524|13|6|3206.99|1
280|112|89|1|557.64|5
1318|520|112|6|3841.4|6
413|165|106|3|223.34|6
546|213|89|6|5781.54|5
1338|529|110|6|600.29|6
507|200|99|4|625.21|5
430|170|78|6|4898.23|4
1918|760|73|2|5560.73|4
1621|635|36|3|4657.6|2
836|328|98|5|3564.22|5
1593|627|3|6|4720.5|1
257|101|46|2|411.04|3
1476|581|54|4|2904.45|3
143|59|36|1|4406.1|2
554|216|55|1|786.11|3
1739|684|15|1|99.21|1
629|249|97|6|1043.16|5
1861|738|101|6|5577.54|6
122|51|66|1|517.07|4
737|291|50|2|5049.96|3
289|117|75|3|2177.0|4
1438|567|59|3|1100.33|3
1132|443|86|6|627.71|5
1657|649|45|6|1798.16|3
1106|434|8|3|999.94|1
318|127|93|4||5
40|17|115|1|4203.36|6
729|286|89|2|3913.02|5
1124|441|13|3|5846.54|1
153|64|83|1|192.99|5
1974|781|41|2|5063.44|3
464|182|51|6|1351.08|3
1383|546|90|6|943.15|5
1689|662|43|4|3574.97|3
704|277|60|5|2500.75|3
553|216|99|4|973.18|5
1500|588|71|5|1058.68|4
1043|409|14|6|1079.14|1
1898|752|38|5|282.83|2
54|26|64|2|3950.91|4
1674|657|70|3|4013.11|4
986|387|7|6|5951.87|1
1573|620|76|4|1830.49|4
1735|683|18|2|5379.81|1
1690|663|40|2|341.49|2
1640|642|85|5|2769.58|5
961|376|64|1|4302.93|4
178|72|69|6|4968.74|4
1955|774|119|2|4030.96|6
705|277|62|1|2503.21|4
976|382|95|3|891.18|5
1934|765|115|3|3588.72|6
738|291|104|6|5903.39|6
254|100|66|6|3493.06|4
401|160|65|1|3178.55|4
1757|693|5|6|3936.49|1
1592|627|31|5|224.49|2
1903|754|5|6|4383.93|1
926|360|4|1|3868.31|1
1200|470|99|3|"₹5|085.95"|5
988|388|31|5|₹560.17|2
962|377|33|1|3638.22|2
1042|409|57|6|5485.53|3
1519|598|56|2|3377.86|3
656|259|89|2|2786.05|5
1793|709|25|2|3464.18|2
135|55|73||450.95|4
1752|690|76|4|2266.3|4
1092|428|96|1|3478.75|5
725|285|44|6|1641.03|3
1780|702|8|5|1576.85|1
1328|524|88|5|1207.3|5
268|105|63|4|2106.85|4
1286|506|71|6|1588.9|4
1860|737|107|5|2660.05|6
361|144|64|5|4886.6|4
130|54|19|2|5573.53|1
1526|600|103|2|3074.12|6
1869|740|36|6|5709.71|2
412|164|120|2|2240.69|6
1371|542|71|4|3277.61|4
440|174|23|6|3597.82|2
1875|743|109|2|2717.47|6
632|250|93|4|5922.03|5
437|173|99|6|4601.66|5
1176|461|78|2|556.4|4
1982|785|1|4|495.84|1
852|333|11|2|4533.57|1
1111|435|21|1|3331.86|2
1389|550|18|6|3210.96|1
507|200|99|4|625.21|5
1751|690|38|6|689.12|2
1978|784|20|4|"₹4|900.83"|1
679|267|91|1|3473.77|5
305|123|59|5|4442.43|3
1900|753|117|5|249.66|6
1745|687|70|3|4946.95|4
941|367|82|5|3880.97|5
1696|664|67|3||4
956|375|84|3|169.69|5
431|170|95|3|2773.24|5
668|265|62|5|1926.24|4
1857|736|97|3|5542.92|5
397|159|111|1|5412.39|6
1420|561|53|6|3070.11|3
344|137|64|5|5827.14|4
125|51|96|6|5399.4|5
88|37|22|5|476.35|2
479|188|79|3|3149.14|4
589|230|34|3|4729.83|2
1375|543|29|6|613.78|2
570|222|58|6|2672.76|3
1513|595|65|3|1677.89|4
1672|656|13|3|4841.97|1
343|137|65|1|2408.17|4
1666|652|22|6|4584.54|2
472|185|23|unknown|1101.21|2
140|57|74|5|"₹5|143.52"|4
672|266|98|4|4035.6|5
279|111|27|2|5887.55|2
117|49|83|3|1780.88|5
55|26|1|1|4020.17|1
680|268|72|6|829.31|4
418|167|47|6|819.12|3
1010|395|10|4|5320.5|1
2018|799|109|1|4554.22|6
898|351|22|3|5171.27|2
467|183|8|1|2062.89|1
1766|696|18|3|"₹4|730.27"|1
1345|532|19|1|5480.79|1
1325|522|25|5||2
3|2|36|3|182.8|2
1399|555|17|6|1349.0|1
1020|400|19|3|1558.75|1
1040|408|26|1|4523.5|2
879|343|58|5|276.61|3
1364|540|74|4|5760.55|4
1963|778|15|6|4266.3|1
922|358|53|N/A|5971.37|3
1965|779|64|3|611.5|4
722|284|107|2|4376.94|6
878|343|90|4|1335.55|5
1971|780|87|1|4269.18|5
995|390|61|4|2592.91|4
1159|454|74|4|4200.1|4
422|168|120|2|1853.8|6
99|42|18|1|4766.21|1
360|143|89||4082.16|5
1549|609|24|3|158.83|2
1738|683|1|4|3778.62|1
1770|698|91|5|4673.85|5
1644|644|57|3|2280.71|3
1807|713|120|3|3953.07|6
485|189|56|1|5970.69|3
1496|586|84|4|2541.92|5
96|40|36|2|4568.55|2
109|45|12|6|4975.25|1
503|198|28|1|4828.19|2
1041|408|104|2|"₹1|629.18"|6
1970|780|59|6|4438.58|3
362|144|86|3|1082.1|5
1734|682|90|2|3144.96|5
881|344|95|1|3047.82|5
148|62|68|4|2926.69|4
775|304|107|1|4946.64|6
1777|701|99|TBD|721.05|5
1544|607|47|2|2404.72|3
1564|615|26|6|5090.61|2
119|50|114|4|354.57|6
358|142|49|5|2401.77|3
85|36|90|6|869.17|5
324|129|63|4|1460.85|4
169|69|9|5|4284.09|1
713|281|1|4|5769.58|1
1380|545|19|5|5832.74|1
1413|559|11|5|3431.3|1
2000|791|109|4|457.74|6
390|155|40|4|2962.76|2
882|345|44|2|"₹2|571.97"|3
435|173|41|5|584.17|3
994|390|47|4|2327.53|3
145|60|29|5|5681.89|2
1140|446|50|4|5998.73|3
1222|479|40|6|3140.62|2
43|19|99|4|4183.11|5
991|389|78|2|1887.29|4
298|121|24|3|5888.68|2
1002|393|49|5|3674.55|3
113|47|60|6|3989.03|3
1584|624|68|2|706.23|4
1141|446|90|4|1859.34|5
1084|426|12|6|2062.53|1
1296|510|97|5|2365.49|5
528|207|66|1|3111.84|4
1462|576|15|unknown|2781.01|1
842|330|22|5|2388.88|2
558|217|38|5|4992.76|2
1603|630|64|6|5805.2|4
1490|585|90|5|4667.87|5
688|271|11|5|3679.44|1
1919|760|32|4|4076.22|2
1442|568|34|4|5872.05|2
928|361|110|2|2439.38|6
1382|546|8|6|912.03|1
275|109|77|5|4604.18|4
1698|665|103|3|191.0|6
979|382|54|6|4893.99|3
244|97|29|1|4767.2|2
1820|721|69|5|5174.74|4
1935|766|93||365.9|5
1797|710|112|1|3457.0|6
1846|731|16|3|4375.97|1
702|276|64|5|4538.1|4
466|183|33|1|661.15|2
983|385|78|4|3175.68|4
1204|471|104|1|5775.78|6
549|214|15|1|4205.59|1
87|37|106|1|"₹2|790.49"|6
1841|729|35|3|4215.85|2
1652|648|9|5|695.09|1
1474|580|12|4|2116.91|1
523|205|38|4|2679.4|2
209|84|99|2|5690.96|5
74|33|9|5|3895.11|1
18|8|88|6|2400.42|5
1017|398|47|6|4267.7|3
304|123|64|1|2369.21|4
1961|778|94|4||5
404|161|75|6|2399.71|4
1410|558|77|1|4562.48|4
1607|631|111|6|"₹4|372.09"|6
750|295|85|6|3436.67|5
192|78|75|3|3967.99|4
207|83|70|2|3247.49|4
1188|466|24|3|4854.9|2
105|44|82|3|3185.21|5
1272|499|24|3||2
16|8|52|4|1877.07|3
1418|561|93|3|5844.72|5
1400|555|80|1|1390.55|4
1477|581|89|2|5795.98|5
509|200|100|4|1780.12|5
1973|781|120|6|4784.76|6
1114|436|37|6|5545.08|2
827|324|49|6|4744.74|3
89|37|105|1|772.66|6
1435|566|73|6|5965.99|4
81|35|95|5|1473.62|5
375|150|86|5|1164.55|5
1153|451|72|3|5122.56|4
1299|511|74|2|3592.47|4
469|184|1|3|3075.8|1
791|310|43|5|1234.64|3
306|123|88|4|1431.65|5
1012|397|33|unknown|3105.69|2
1627|638|60|4|1207.71|3
1711|672|77|3|1121.48|4
984|385|24|4|3814.72|2
1876|743|3|4|151.34|1
795|313|93|5||5
635|251|16|1|4562.7|1
1343|530|81|5|825.15|5
1407|557|47|5|4693.9|3
1774|699|9|1|273.18|1
1915|759|72|5|550.02|4
322|128|52|4|3116.35|3
1988|788|113|3|4040.06|6
993|390|101|4|571.09|6
1905|755|120|2|3434.87|6
141|58|53|5|2985.36|3
1056|415|8|3|5250.16|1
1546|608|63|6|549.24|4
465|183|91|4|4442.01|5
1051|414|120|4|2891.07|6
835|328|82|2|5532.98|5
44|19|86|3|1617.29|5
445|175|81|2|5449.38|5
810|317|43||3734.01|3
1249|490|44|4|5859.99|3
223|89|11|5|5110.76|1
789|310|44|6|5630.75|3
648|256|58|1|2277.84|3
887|347|78|5|3484.88|4
1901|753|78|2|4866.4|4
1080|424|119||2025.35|6
1520|598|51|2|3734.98|3
1928|764|5|4|240.2|1
1684|661|47|2|4490.75|3
611|241|57|2|4642.9|3
9|5|19|5|5609.26|1
1669|655|105|1|3445.87|6
576|224|50|4|5014.18|3
1888|748|33|1|4101.49|2
1133|443|60|6|2353.4|3
1602|629|7|4|1859.82|1
1355|536|77|2|4107.66|4
1044|409|38|1|2327.6|2
1732|681|111|N/A|815.51|6
1658|650|94|1|655.03|5
2005|793|40|4|2516.89|2
746|294|91|6|3674.56|5
1035|406|84||1800.21|5
920|358|86|1|4217.46|5
310|124|87|4|4064.36|5
963|377|81|6|2391.54|5
1693|664|73|3|1800.61|4
108|45|92|4|3710.09|5
1555|611|3|5|3118.29|1
1708|671|32|6|3857.56|2
1300|511|2|5|2786.1|1
540|210|34||5241.53|2
1478|581|56|3|5483.33|3
1758|693|85|5|2721.43|5
1636|641|74|6|701.18|4
1113|435|45|4||3
840|329|75|4|1333.5|4
899|352|51|2|5937.61|3
399|159|114|1|2440.68|6
675|266|53||2383.69|3
1721|675|46|4|2851.66|3
1643|643|65|4||4
225|91|78||3668.96|4
1210|474|32|6|3999.93|2
1125|441|23||5674.87|2
1779|702|97|4|5541.02|5
1951|772|45|3|1076.0|3
924|360|53|4|1071.55|3
1157|453|6|5|5436.26|1
228|92|50|3|170.93|3
801|314|40|5|2122.11|2
1649|646|14|6|393.24|1
64|29|8|6|5981.39|1
226|91|8|6|2229.28|1
71|31|11|6|2683.1|1
1116|436|17|3|4537.37|1
671|265|17|2|3077.11|1
531|208|75|1|4634.02|4
1634|640|25|1|1738.25|2
1238|486|18|4|2583.23|1
139|57|82|5|5441.91|5
1282|504|13|N/A|5655.73|1
1189|466|87|5|3353.86|5
1680|659|3|2|5872.96|1
1714|673|33|2|2555.24|2
934|362|36|2|1105.48|2
980|383|30|6|2053.49|2
1630|639|84|2|5101.06|5
1270|499|28|3|2884.14|2
452|178|64|1|1423.46|4
1402|555|78|1|4916.7|4
179|73|58|5|2271.06|3
277|110|96|1|1410.91|5
1229|483|68|5|5400.21|4
478|187|119|4|1768.26|6
1819|720|8|1|"₹4|663.32"|1
1294|510|64|6|3240.57|4
1333|526|15|1|4603.33|1
14|7|7|6|1658.93|1
1675|657|33|3|2805.63|2
93|39|74|5|909.24|4
158|66|91|6|107.05|5
854|334|75|1|2843.99|4
1713|672|103|5|₹920.14|6
269|106|14|2|1010.87|1
1187|465|115|1|1106.41|6
1185|464|45|6|3474.73|3
1781|702|5|6|529.0|1
1219|478|38|3||2
779|307|41|6|482.67|3
907|354|1|2|2728.82|1
1866|739|99|5|1633.59|5
973|381|8|2|2308.69|1
726|286|35|2|4006.43|2
1517|597|20|3|5059.54|1
1123|441|87|2|5562.31|5
633|250|15|6|452.68|1
1103|433|65|6|827.44|4
1129|442|51|4|1884.87|3
856|335|60|4|2511.82|3
346|138|42|1|265.07|3
1046|410|62|4|4068.55|4
1587|625|115|6|2587.33|6
937|365|86|1|4095.56|5
133|54|81|3|5854.78|5
1489|584|28|6|5875.29|2
1688|662|34|6|2157.19|2
166|68|7|1|2358.43|1
1868|739|119|2|877.05|6
5|3|85|4|2280.62|5
1795|709|80|5|5134.19|4
861|336|65|5|3324.25|4
1665|652|34||5298.42|2
1322|521|93|4|2273.98|5
1312|516|18|4|5399.18|1
859|335|30|3|3906.59|2
1706|669|94|2|2648.1|5
1635|641|88|3|5712.82|5
1548|608|41|6|5457.98|3
1305|513|114||1737.76|6
1975|782|82|6|146.03|5
420|167|50|1|5466.76|3
741|292|3|3|4114.27|1
1554|611|25|5|₹273.38|2
1913|758|15|6|1521.17|1
1750|689|70|2|2908.33|4
1877|743|5|3|2932.23|1
824|322|44|5|1550.19|3
1959|777|1|4|5010.78|1
1207|471|66|6|5986.93|4
754|297|113|5|4399.5|6
1292|509|38|1|5738.24|2
1800|710|77||3288.17|4
1451|571|83|1|4471.15|5
1833|725|41|3|3653.25|3
850|333|55|4|3470.09|3
1655|649|94|6|1681.78|5
1879|744|11|3|5391.56|1
232|93|37|2|4852.47|2
1170|459|69||1301.2|4
142|59|76|4|5037.24|4
614|243|5|6|5541.86|1
1843|731|36|1|1299.97|2
1254|492|111|3|5965.12|6
1169|458|33|6|2608.53|2
1136|445|83|6|5459.02|5
579|225|37|6|4519.6|2
98|41|57|2|5560.49|3
1753|690|36|4|2375.34|2
1000|392|71|6|1135.63|4
240|96|18|2|1196.44|1
999|391|98|3|3610.58|5
1729|679|11|1|1693.03|1
1417|560|65|TBD|1954.39|4
1167|457|34|4|3932.64|2
434|172|18|1|2462.9|1
606|239|86|2|993.51|5
946|370|26|1|193.63|2
1394|553|51|4|4110.43|3
116|48|21|6|5542.77|2
95|39|76|2|2078.47|4
78|34|101|6|351.61|6
1182|463|49|1|4717.13|3
1761|694|2|2|2209.71|1
1671|656|22|2|4673.01|2
1341|530|43|4|1010.63|3
1285|505|20|1|853.21|1
1226|481|14|1|2162.36|1
33|14|29|6|1770.45|2
1081|424|50|3|1399.22|3
1432|565|56|1|5354.01|3
821|320|75|3|358.04|4
525|206|88|3|5064.07|5
1631|639|14|2|1389.83|1
50|23|70|4|1387.48|4
1225|481|59|3|1859.27|3
1596|628|5|5|5515.4|1
1798|710|17|5|1858.54|1
421|168|119|3|1874.24|6
805|316|45|2|5860.41|3
573|223|76|6|2100.0|4
1268|498|41|1|1171.33|3
262|103|77|2|3306.9|4
845|331|89|4|4321.33|5
204|82|57|3|2280.07|3
626|247|69|3|2399.96|4
371|148|45|1||3
1524|599|23|4|5433.61|2
1487|584|58|2|3841.33|3
1398|554|21|3|5840.42|2
329|131|13|1|3999.38|1
189|76|95|6|225.75|5
220|88|58|3|644.64|3
457|179|106|3|4386.58|6
370|148|68|4|2618.92|4
830|325|48|6|1110.02|3
1810|715|71|6|2043.69|4
612|242|11|3|1956.35|1
23|9|69|6|2186.59|4
876|343|44|1|1946.14|3
1069|420|85|6|5439.7|5
1566|616|75|5|1937.35|4
1388|550|20|2|2870.61|1
252|99|112|3|3804.18|6
1993|790|42|2|4007.27|3
1303|512|29|1|3247.04|2
893|350|5|6|3658.85|1
693|272|13|5|1091.12|1
155|65|74|6|3542.59|4
156|65|59|4|4652.83|3
424|168|81|3||5
333|133|98|1|5944.2|5
908|355|78|2|3201.55|4
1813|717|45|1|5703.46|3
1518|598|43|2|"₹5|758.05"|3
1267|498|45|6|2565.64|3
292|118|13|N/A|3219.15|1
449|176|12|3|1102.73|1
1378|544|18|1||1
778|306|11|1|5507.61|1
1599|628|103|4|4366.2|6
766|301|43|1|5291.58|3
902|352|116|2|865.6|6
104|44|89|2|1315.35|5
1097|431|67|6|3648.54|4
1794|709|61|5|2176.43|4
1509|593|29|4|3353.37|2
256|100|8|2|1985.12|1
1192|467|85|TBD|940.75|5
1938|767|62|6|893.17|4
1594|627|74|1|5477.69|4
676|267|44|5|369.34|3
492|192|73|6|3554.5|4
847|332|82|5|3932.45|5
1271|499|117|5|693.49|6
917|357|73|1|2420.95|4
77|33|3|1|2100.78|1
1589|626|7|4|3041.04|1
1514|595|85|3|1912.64|5
1586|625|104|6|540.46|6
1428|564|65|5|5953.45|4
723|285|113|4|"₹1|343.02"|6
1983|785|72|5|1329.43|4
1763|694|116|6|3196.83|6
1700|667|7|4|1903.35|1
1536|604|29|3|1242.59|2
1897|752|48|4|5659.63|3
1667|653|77|3|5819.3|4
1275|500|99|2|2053.15|5
1098|431|29|1|2431.34|2
383|152|20|6|4142.31|1
865|338|33|3|"₹4|495.75"|2
1889|749|70|6|₹362.93|4
214|85|97|5|4033.64|5
792|311|2|5|4307.47|1
20|9|2|3|5569.61|1
1722|675|53|4|262.27|3
1107|434|92|2|5102.61|5
886|347|43|5|3815.05|3
684|270|65|1|808.67|4
1840|729|84|2|3207.38|5
57|27|51|5|120.85|3
414|165|116|5|304.38|6
1737|683|40|6|5935.04|2
1255|493|86|4|1269.63|5
403|161|16|3|2041.79|1
1234|485|14|4|3971.05|1
1591|626|58|2|3647.44|3
1353|535|118|1|5382.96|6
1899|753|6|3|5587.82|1
323|128|19|4|736.42|1
1765|696|59|6|5165.12|3
1095|430|109|4|5880.11|6
1609|631|93|3|4914.27|5
149|62|103|6|4944.62|6
1999|791|35|5|1368.13|2
1252|492|20|6|3115.32|1
1835|726|62|6|821.02|4
1086|426|77|1|3898.52|4
235|94|19|2|1888.06|1
276|109|44|2|4287.38|3
427|169|53|unknown|4331.58|3
1212|474|6|5|2746.05|1
486|190|6|4|2202.47|1
87|37|106|1|"₹2|790.49"|6
1421|561|65|2|238.74|4
1100|432|38|2|3048.01|2
1864|738|120|6|1794.77|6
1922|762|54|5|5900.16|3
176|72|45|4|"₹2|967.74"|3
406|162|19|1|1132.41|1
1337|528|14|5|4442.18|1
1128|442|32|1|799.93|2
1885|747|88|5|5176.36|5
1287|506|113|5|5852.24|6
585|228|23||4983.9|2
914|356|106|2|2547.81|6
625|247|26|3|596.26|2
720|283|95||3250.13|5
106|44|53|2||3
1117|437|109|6|1893.04|6
544|212|112|6|5797.24|6
328|131|20|3|3768.6|1
1329|524|19|1|2614.73|1
831|325|68|5|5300.82|4
875|342|97|4|4361.81|5
219|87|4|4|3742.38|1
1731|681|73|4|4173.5|4
1666|652|22|6|4584.54|2
1083|425|86|2|5543.14|5
2013|797|69|2|5911.78|4
1393|552|78|2|3068.44|4
1884|746|30|1|3961.14|2
1013|397|63|6|4161.09|4
1677|658|67|6|"₹5|155.04"|4
97|41|90|3|3364.11|5
312|125|11|1|944.87|1
443|175|49|5|1423.47|3
68|30|6|4|3997.33|1
184|74|10|1|1071.12|1
168|69|23|6|3395.86|2
508|200|110|2|1060.35|6
1126|441|16|5|3934.58|1
1775|699|94|2|1466.06|5
736|290|46|4|4981.05|3
1191|466|17|3|155.04|1
1381|545|117|4|1529.73|6
1463|576|70|2|5695.35|4
1486|584|34|5|4360.49|2
867|339|18|6|4463.94|1
641|253|101|6|3478.32|6
813|318|118|1|3867.73|6
516|203|73|5|2595.12|4
575|224|114|3|4364.67|6
890|348|61|1|2039.16|4
1480|582|115|5|1270.5|6
255|100|109|3|1059.8|6
545|212|78|6|2970.66|4
913|356|102|3|2406.43|6
307|124|38|4|1212.83|2
1436|566|13|1|940.47|1
291|117|79|2|3077.96|4
1173|460|83|5|3668.17|5
1768|697|118|6|2953.09|6
1663|652|19|1|4028.59|1
1824|722|55|5|911.85|3
1617|634|97|5|5337.01|5
1503|589|119|1|5971.64|6
505|199|71|5|2349.21|4
782|307|81|4|487.16|5
1385|548|85|5|534.24|5
1366|541|17|2|4627.46|1
258|101|47|4|3852.86|3
1726|678|7|4|842.02|1
1836|727|10|3|"₹5|635.38"|1
1577|622|102|2|2209.69|6
1066|419|87|4|1477.0|5
724|285|65|3|5314.2|4
1595|627|37|2|5064.69|2
1923|762|74|4|3831.52|4
1352|535|16|3|5546.59|1
1099|432|41|2|4914.27|3
1540|605|81|1|3865.48|5
1485|583|41||769.28|3
10|6|108|4|4540.29|6
1786|704|33|4|2680.34|2
1625|636|95|2|4199.29|5
1939|768|93|5|5505.42|5
613|243|56|1|2419.27|3
1396|554|34|5|3060.05|2
604|239|11|3|2296.37|1
1853|734|6|2|1312.81|1
1310|516|42|1|5682.92|3
203|81|15|1|5962.26|1
488|190|64|1|5089.45|4
86|36|23|6|393.75|2
1134|443|81|6|2725.2|5
120|50|95|1|5555.68|5
490|191|27|3|1164.86|2
803|315|87|2|437.17|5
1208|472|52|1|3735.09|3
1742|685|107|5|2717.51|6
1348|532|29|6|2368.99|2
53|26|100|4||5
1916|759|47|6|2955.51|3
1163|456|39|2|5747.8|2
1968|779|96|2|4390.43|5
1987|787|85|2|5278.55|5
596|236|22|6|795.55|2
600|238|47|3|"₹4|932.05"|3
250|99|9|5|4497.84|1
1045|409|36|1|2117.7|2
1615|634|18|5|2817.09|1
1911|757|32|3|1533.13|2
1539|605|36|1|5615.36|2
1707|670|38|2|288.61|2
1016|398|62|1|5535.66|4
66|30|11|4|4585.67|1
1969|780|21|5|2077.49|2
195|78|71|4|2801.24|4
1964|778|109|1|2720.99|6
809|317|110|5|3438.97|6
566|220|3|4|3499.78|1
273|109|45|3|4176.2|3
1343|530|81|5|825.15|5
1528|601|108|5|1037.41|6
1323|521|116|4|651.78|6
468|183|31|4|5457.54|2
1837|728|64|6|4436.79|4
982|384|118|6|5930.42|6
1678|658|116|5|2956.69|6
904|353|86|4|1035.81|5
667|264|45|1|5234.52|3
1865|739|55|5|4342.4|3
1733|681|75|6|3112.84|4
1966|779|18|3|4415.64|1
263|104|106|6|4818.28|6
903|353|40|4|4924.59|2
254|100|66|6|3493.06|4
1277|501|48|2|3935.47|3
581|226|78|4|694.33|4
458|179|25|4|"₹1|163.18"|2
58|27|91|4|2920.02|5
1233|484|47|4|5362.94|3
2002|792|51|--|2607.68|3
1957|775|66|TBD|260.37|4
1220|479|28|1|4453.35|2
1156|453|85|1|1564.19|5
1825|722|57|1|5392.17|3
1642|643|56|TBD|987.66|3
1647|646|23|5|1726.96|2
1419|561|90|6|673.54|5
102|43|23|1|4268.77|2
1907|756|113|5|4808.41|6
1498|587|98|3|767.94|5
1638|642|31|1|5374.18|2
1960|777|4|3|1297.53|1
1950|772|74|5|1953.77|4
1392|551|37|1|1018.74|2
760|299|42|4|5080.62|3
1575|620|68||2177.29|4
537|210|80|3|2112.87|4
1406|556|25|3|738.57|2
929|361|2|3|775.63|1
1274|500|86|1|4128.47|5
1151|451|16|1|859.01|1
1008|395|96|3|2364.82|5
511|201|56|6|"₹4|856.48"|3
1077|423|32|2|"₹1|104.55"|2
1387|549|11|2|553.69|1
1190|466|113|4|2912.49|6
123|51|31|6|"₹2|723.44"|2
747|294|1|2|5906.15|1
2004|793|44|6|4928.3|3
624|247|101|6|2485.58|6
285|114|9|3|4037.76|1
154|65|21|6|2808.77|2
230|92|58|5|615.83|3
1198|469|92|2|1899.61|5
317|127|16|2|5043.84|1
231|93|95|4|4840.74|5
1416|560|97|3|5755.56|5
1061|417|80|6|3986.37|4
1459|575|26|4|2038.45|2
1244|488|119|6|5073.07|6
389|155|4|2|4801.56|1
496|195|88|1|2424.6|5
1023|402|51|6|3557.35|3
1710|671|13||5367.9|1
538|210|118|2|1344.3|6
1590|626|36|4||2
664|264|7|3|5344.44|1
497|195|76|1|5037.17|4
388|154|52|2|₹769.00|3
1685|661|25|4|3867.53|2
536|209|93|4|4567.39|5
1057|416|1|--|5235.19|1
1683|660|74|6|4204.26|4
602|238|54|1|1546.36|3
1724|677|79|3|4740.13|4
1904|754|49|6|561.83|3
2003|792|34|1|1682.07|2
175|72|36|1|472.88|2
1374|543|74|6|4885.62|4
489|190|111|2|828.56|6
2008|795|78|5|216.53|4
1261|495|3|5|1276.9|1
1488|584|82|5|673.93|5
521|204|88|6|1013.91|5
739|291|16|4|2284.84|1
1019|400|78|4|5670.16|4
1144|448|51|5|4922.03|3
13|7|74|6|5065.81|4
599|238|94|1|1009.34|5
885|346|73|1|5539.65|4
1119|438|62|3|5392.59|4
1101|432|59|2|3647.65|3
1067|419|63|4|4460.31|4
1789|705|25|1|3533.44|2
234|93|54|2|5028.52|3
653|257|54|2|₹950.64|3
1273|500|43|3|757.02|3
394|156|36|6|3348.17|2
1235|485|57|2|924.26|3
1827|723|118|1|1504.2|6
151|63|89|6|2498.05|5
132|54|18|4|4345.95|1
712|281|117|5|2764.28|6
825|323|3|2|5072.0|1
1848|732|84|4|5721.97|5
1308|515|69|1|107.26|4
302|122|98|3|4256.91|5
1542|606|14|2|1765.53|1
1026|402|55|3|4180.84|3
877|343|25|--|4642.77|2
487|190|91|5|2961.68|5
1767|696|85|3|5547.51|5
1821|721|88|6|4452.75|5
1259|495|5|3|5942.35|1
1629|639|98|3|4279.22|5
942|368|50|6|1918.11|3
315|126|9||2244.89|1
299|121|55|2|"₹3|133.08"|3
1217|477|48|1|2092.96|3
1912|758|30|--|1956.42|2
578|225|109|2|3767.87|6
380|151|79|4|5613.35|4
1079|424|92|1|1044.39|5
1839|729|47|5|1825.83|3
296|121|47|6|3576.35|3
1168|458|52|4|590.2|3
1796|709|103|1|2688.38|6
144|60|32|3|2661.07|2
780|307|17|1|5521.78|1
37|15|16|1|5152.0|1
609|240|115|4|5714.86|6
282|112|6|2|₹735.12|1
1090|427|29|3|781.57|2
265|104|47|1||3
717|282|88|4|5994.53|5
1063|418|1|6|5748.53|1
936|364|69|6|2405.01|4
1369|542|82|3|914.51|5
1997|791|108|4|3645.25|6
1347|532|19|3|3965.65|1
1365|541|19|1|2005.02|1
351|139|85|2|1559.92|5
1937|767|95|4|1805.82|5
1104|433|109|6|3485.43|6
987|387|27|2|640.38|2
1340|529|115|4|4910.24|6
504|198|37|3|4808.07|2
727|286|42|3|1341.68|3
470|185|39|4|4059.45|2
1581|623|92|3|1360.26|5
1469|579|82|2|592.19|5
658|261|118|1|3648.44|6
1728|678|98|5|2814.3|5
1236|485|96|4|₹133.28|5
271|107|54|4|5503.58|3
1893|751|107|6|2553.22|6
495|195|4||1776.26|1
815|318|28|2|2935.4|2
1232|484|61|4|2307.43|4
146|61|54|1|335.35|3
348|138|45|6|3544.41|3
1650|647|15|2|778.61|1
423|168|111|2|5502.76|6
376|150|3|6|4248.66|1
1766|696|18|3|"₹4|730.27"|1
1434|566|78|1|5751.29|4
1601|629|72|3|3012.53|4
1082|424|33|6|2909.18|2
2001|792|34|6|1972.95|2
594|234|14|5|3695.97|1
846|332|61|3|3528.0|4
1743|686|119|1|1868.55|6
269|106|14|2|1010.87|1
868|339|117|3|149.35|6
150|62|58|4|1518.02|3
1723|676|99|4|620.73|5
1597|628|6|unknown|3903.18|1
1426|563|114|2|4863.11|6
1695|664|19|4|4116.45|1
451|178|99|4|4979.82|5
1556|612|28|3|776.25|2
645|255|19|6|2610.58|1
1221|479|73|4|1382.03|4
1033|404|22|4|108.31|2
410|164|70|4|2900.64|4
373|149|70|3|1279.45|4
41|17|33|3|2854.04|2
788|310|113|5|3752.46|6
743|293|81|3|4868.65|5
843|331|64|5|2838.18|4
1145|449|9|5|5038.15|1
408|163|76|1|2992.12|4
832|326|16|TBD|5307.07|1
300|122|15|3|828.33|1
62|28|105|4|814.1|6
1068|419|102|1|2154.17|6
1896|752|43|4|5393.61|3
493|193|68|5|1164.36|4
450|177|2||4338.64|1
25|10|43|3|1674.82|3
1242|488|103|6|4313.49|6
1142|447|13|3|473.64|1
1725|677|75|5|2300.36|4
622|246|58|6|1309.29|3
796|313|32|2|4801.45|2
733|289|101|6|3941.47|6
124|51|75|3|2571.49|4
1610|632|120|6|5220.29|6
1423|562|5|3|1050.22|1
1687|661|116|--|5924.26|6
1379|545|47|2|1837.71|3
428|169|113|1|4962.97|6
618|245|90|5|5252.92|5
1552|611|79|N/A|1033.49|4
1788|705|56|5|4870.17|3
1878|744|53|1|3518.46|3
1962|778|107|4|1839.16|6
533|209|23|2|5072.17|2
1171|459|81|6|1688.46|5
1357|536|80|3|2154.48|4
694|272|19|2|1606.77|1
699|275|53|3|1620.81|3
34|14|25|1|₹238.83|2
1162|455|6|2|315.73|1
8|4|111|1|2121.8|6
1289|506|92|1|"₹5|473.01"|5
1656|649|27|2|4734.79|2
474|186|12|3|4289.51|1
1007|395|119|4||6
1246|489|102|1|843.13|6
1623|636|38|6|587.49|2
1230|484|16|4|139.77|1
894|350|4|2|1273.09|1
1845|731|95||3361.5|5
858|335|49|1|1158.44|3
1178|462|9|3|3876.05|1
1266|497|39|1|1687.55|2
114|47|36|1|1241.94|2
657|260|96|2|5669.01|5
513|202|46|6|666.06|3
1009|395|40|6|5925.38|2
1108|434|120|2|4231.4|6
182|74|12|1|2404.03|1
1529|601|42|2|649.2|3
248|98|117|6|3903.24|6
1320|520|29|3|1684.88|2
1942|770|49|3|"₹2|686.66"|3
1849|733|64|1|1693.76|4
251|99|75|4|3435.89|4
471|185|17|5|341.64|1
473|185|64|3|5278.59|4
1467|578|28|1|1346.81|2
212|84|43|6||3
32|13|68|1|4143.45|4
1967|779|15|3|4840.48|1
558|217|38|5|4992.76|2
1972|781|115|1|2655.93|6
136|56|15|4|2804.62|1
1313|517|42|1|3792.14|3
1346|532|4|2|2619.1|1
1131|443|100|6|5946.87|5
730|287|78|4|124.25|4
1799|710|16|4|1459.38|1
1358|537|35|4|4003.22|2
180|73|87||5676.66|5
491|192|96|5|4952.17|5
1516|596|116|4|291.78|6
938|366|57|3|1148.85|3
331|132|38|6|3036.6|2
1570|618|78|4|2631.95|4
798|313|56|5|5761.47|3
1037|406|24|6|891.56|2
759|299|84|1|"₹5|136.77"|5
187|75|81|1|1828.7|5
1716|674|73|6|2819.81|4
1854|735|85|4|3240.7|5
1947|771|97|2|5724.73|5
666|264|63|1|820.73|4
47|21|34|3|1148.78|2
838|328|20|3|1557.31|1
1360|538|101|1|5183.11|6
1031|404|96|2|5586.1|5
284|113|61|1|5459.32|4
460|180|31|5|2759.76|2
1612|633|39|1|1654.99|2
387|154|33|6|3646.27|2
841|329|11|4|4765.88|1
1047|410|13|1|459.23|1
1852|734|3|4|2368.51|1
1319|520|71|2|4918.4|4
202|81|89|TBD|1050.4|5
1363|539|101|4|4905.43|6
1871|742|5|5|1717.19|1
685|270|120|5|1159.49|6
1894|751|83|4|5266.53|5
591|232|110|6|5253.8|6
820|320|38|4|1245.98|2
364|145|64|6|5098.27|4
322|128|52|4|3116.35|3
1483|583|2|2|5388.36|1
587|229|44|4|771.42|3
951|372|66|1|4911.18|4
1014|397|90|1|3939.35|5
828|324|15|3|5622.07|1
462|181|59|1|159.89|3
804|315|65|5|5165.34|4
1257|494|25|5|3809.56|2
1531|602|4|5|4273.7|1
217|86|94|4|5410.03|5
744|293|29|2|5881.7|2
1122|440|87|2|2320.68|5
1506|590|64|6|4534.19|4
1863|738|71|4|5718.59|4
1525|600|56|2|686.51|3
1641|643|16|5|594.99|1
837|328|110|5|1834.68|6
1401|555|24|6|5857.33|2
1431|565|47|5||3
1762|694|110|5|1342.6|6
593|233|119|4|4813.02|6
227|91|19|6|5136.44|1
1553|611|95|3|5565.84|5
448|176|55|5|1633.93|3
1741|685|27|1|2894.08|2
1139|445|96|1|4785.63|5
253|99|61|6|4926.86|4
776|305|10|5|"₹3|754.44"|1
1736|683|82|2|1874.26|5
769|302|118|2|1260.57|6
481|188|63|2|3377.48|4
1006|394|94|6|2307.12|5
582|226|54|4|1890.55|3
2012|797|7|5|1340.73|1
774|304|61|2|5755.94|4
884|345|89|5|1866.86|5
721|283|9|3|628.32|1
342|137|61|5|5139.67|4
320|127|97|6|5664.03|5
61|28|1|4|5728.52|1
1455|573|29|4|5256.54|2
925|360|27|5|362.35|2
646|256|11|1|465.94|1
598|237|38|6|2703.96|2
623|247|90|3|5336.28|5
1920|761|78|3|4794.55|4
1085|426|29|5|4620.39|2
1952|772|37|3|2970.15|2
171|70|70|1|3928.33|4
1195|468|54|6|2799.94|3
997|391|102|4|215.89|6
1697|665|39|4|1799.73|2
67|30|38|TBD|1141.05|2
1576|621|15|2|4872.34|1
524|206|39|2|5905.7|2
799|314|40|5|5321.81|2
349|139|49|1|2625.07|3
1091|427|12|1|624.92|1
1458|575|14|4|4631.48|1
1022|401|15|1|3900.94|1
947|370|4|1|2087.99|1
1410|558|77|1|4562.48|4
911|355|95|1|1797.68|5
1784|704|49|2|5933.34|3
655|258|91|5|5192.3|5
698|275|50|1|1987.24|3
703|277|15|3|456.73|1
1276|501|96|5|3219.29|5
975|381|27|6|322.65|2
797|313|8|2|1937.83|1
1773|699|75|5|4995.33|4
674|266|103|5|4019.56|6
862|336|11|3|5565.97|1
1574|620|106|6|5706.23|6
590|231|99|5|1677.2|5
131|54|59|2|2384.25|3
453|178|27|2|5680.71|2
1747|687|79|1|2649.89|4
38|16|49|6|4605.76|3
461|181|48|5|4136.18|3
454|178|105|3|1797.98|6
199|80|37|4|5740.66|2
1334|527|17|2|4642.69|1
1831|724|32|1|551.01|2
1565|615|92|3|5774.04|5
1504|589|104|1|627.86|6
266|105|106|2|175.1|6
849|332|58|2|2434.81|3
39|16|83|5|4837.88|5
1466|578|102|4|5872.51|6
834|327|49|6|2307.11|3
1350|534|14||5742.15|1
1499|587|23|4|2626.46|2
1449|571|65|4|1649.68|4
372|149|65|3|2653.17|4
817|319|52|2|4972.9|3
94|39|108|2|4607.94|6
1568|617|58|4|3617.35|3
567|220|71|1|1679.31|4
1660|650|95|3|"₹5|129.13"|5
1196|468|57|3|4809.97|3
1356|536|20|6|4153.25|1
441|174|42|3|"₹1|271.12"|3
969|379|76|6|5930.45|4
1771|698|68|3|862.59|4
101|43|63|1|136.46|4
1193|467|73|6|1676.48|4
1105|433|81|2|3019.65|5
1053|414|48|6|5350.9|3
1415|560|40|1|5884.2|2
1790|706|27|1|4878.05|2
393|156|4|3|4758.05|1
1537|604|108|2||6
888|348|49|2|5696.29|3
163|67|27|6|576.66|2
527|206|7|5|550.54|1
377|150|111|2|3502.38|6
46|20|49|4|2061.66|3
1391|550|44|4|4709.24|3
1265|496|8|5|2618.73|1
1301|512|39|2|1847.55|2
1224|481|8|3|133.76|1
162|67|79|5|3492.85|4
2014|798|111|6||6
783|308|72|1|1839.01|4
1278|501|27|5|2364.89|2
1730|680|43|5|₹673.65|3
1614|634|35|6|1104.0|2
1611|633|114|1|752.74|6
669|265|58|3|4708.96|3
553|216|99|4|973.18|5
84|36|118|5|369.23|6
1194|468|91|2|4100.47|5
1166|457|55|1||3
1073|421|17|4|4800.24|1
500|197|77|6|133.25|4
939|366|92|1|5365.86|5
708|279|39|5|2498.8|2
1787|704|37|2|1286.04|2
883|345|88|4|4599.77|5
1932|765|72|2|4299.7|4
297|121|57|6|5749.71|3
259|102|7|3|1819.82|1
1802|712|50|6||3
1253|492|32|3|"₹4|622.69"|2
173|71|97|6|4588.23|5
359|142|74|1|4868.13|4
510|201|16|3|2994.99|1
812|318|113|1|"₹3|024.99"|6
1248|490|31|1|4101.03|2
1924|762|99|2|5408.25|5
732|289|98|4|3273.98|5
1311|516|114|5|1656.83|6
73|32|93|5|1506.06|5
610|240|67|6|2233.47|4
665|264|28|2|4931.84|2
915|356|23|5|4425.14|2
1984|786|5|4|4158.09|1
855|334|80||2083.61|4
731|288|87|2|2536.66|5
601|238|16|2|2689.74|1
1250|491|56|4|1806.85|3
548|213|12|2|896.17|1
1112|435|44|4|4098.6|3
49|23|83|4|738.74|5
607|240|101|TBD|913.17|6
1682|660|46|4|281.34|3
50|23|70|4|1387.48|4
1931|765|46|2|2472.67|3
1613|633|89|5|4769.6|5
103|43|76|3|2554.71|4
752|296|76|2|4500.24|4
1522|599|74|4|859.34|4
1003|393|10|3|905.27|1
1882|745|64|2|1440.77|4
82|35|10|1|4438.21|1
577|225|102|4|4817.55|6
952|373|72|6|1217.33|4
100|43|100|2|191.22|5
1712|672|56|6|5267.0|3
1269|498|1|1|3995.54|1
1055|415|86|4|2331.77|5
1880|745|9|4|1159.84|1
1691|663|67|6|2124.32|4
1209|473|92|4|4244.29|5
691|271|24|4|240.94|2
15|7|105|1|408.89|6
1815|719|35|6|345.27|2
164|68|95|1|3135.95|5
786|309|101|6|3780.65|6
1089|427|110|4|4868.84|6
1668|654|63|2|2887.15|4
1661|651|22|3|4119.51|2
229|92|45|3|"₹1|916.70"|3
748|295|15|3|3456.7|1
1096|430|41|3|4804.36|3
687|270|32|6|5048.61|2
1409|558|70|1|484.38|4
1979|784|94|4|1766.34|5
1029|403|14|6|3477.41|1
923|359|97|1|3074.93|5
1237|486|15|TBD|1779.91|1
238|95|118|3|2544.63|6
530|208|73|3||4
2015|798|103|2|5471.86|6
621|246|79|2|4230.74|4
112|46|68|N/A|3750.63|4
866|339|25|6|3662.8|2
823|322|114|3|4340.14|6
996|391|98|2|4934.66|5
24|10|79|6|5163.3|4
932|362|71|6|1528.53|4
1297|510|100|4|2464.01|5
1468|578|3|6|2594.23|1
1177|461|16|5|747.94|1
1335|528|19|6|3636.86|1
654|258|63|6|2799.51|4
330|131|67|4|4776.12|4
26|10|13|3|3959.63|1
829|325|59|2|"₹2|279.88"|3
208|83|16|1|2485.92|1
710|280|48|5|5912.32|3
1604|630|16|3|5631.45|1
953|373|27|5|2429.88|2
218|87|87|5|788.57|5
1060|417|90|2||5
1309|515|45|6|3669.44|3
335|135|57|4|₹311.29|3
1816|719|5|4|3093.87|1
1430|565|58|2|2099.22|3
1454|573|73|4|5136.59|4
72|32|18|1|1238.25|1
985|386|112|4|511.91|6
793|312|116|5|842.29|6
1550|609|23|6|3446.03|2
584|227|46|3|2205.56|3
1925|762|113|4|₹190.52|6
1718|674|107|4|665.65|6
369|148|35|1|3440.93|2
787|309|59|--|2837.83|3
696|274|8|5|5769.63|1
1998|791|88|2|269.88|5
1679|659|88|5|4395.47|5
2011|797|99|5|473.44|5
433|172|81|4|4766.01|5
91|38|55|3|4886.97|3
1809|715|114|1|920.8|6
1908|756|78|4||4
283|112|102|6|3128.53|6
472|185|23|unknown|1101.21|2
1769|698|78|6|1163.21|4
1637|642|113|1|4494.65|6
1228|482|13|4|3002.07|1
1251|492|11|4|1560.71|1
4|2|15|5|1129.22|1
1027|403|76|3|4429.21|4
697|274|24|N/A|4307.47|2
742|293|25|N/A||2
1648|646|78|4|3158.85|4
482|189|7|2|975.86|1
1507|591|82|--|3068.83|5
1559|613|17|3|1713.63|1
455|179|49|2|2643.72|3
56|27|20|6|2045.0|1
1444|569|73|4|332.6|4
1910|757|108|5|1828.09|6
1470|579|9|3|2488.9|1
147|62|94|5|297.36|5
1094|429|40|1|"₹3|580.35"|2
1996|790|90|4|4257.43|5
1384|547|90|4|2291.94|5
870|340|52|4|4947.98|3
580|226|17|2|1275.96|1
1715|673|26|3|1898.48|2
819|320|4|5|778.62|1
274|109|18|4|5348.39|1
652|257|89|--|4416.13|5
264|104|35|6|4217.01|2
794|312|66|3|2195.81|4
197|79|34|2|2956.03|2
498|196|4|1|2814.38|1
950|372|93|2|358.67|5
771|303|13|1|2930.8|1
968|379|82|6|1470.31|5
436|173|21|2|3145.56|2
808|316|89|6|5892.35|5
1127|442|20|6|4362.05|1
1626|637|64|1|1352.61|4
2007|794|15|5|3702.43|1
706|277|30|1|"₹1|687.04"|2
327|130|23|4|3666.05|2
978|382|6|5|4770.5|1
11|6|53|4|1502.89|3
1662|651|22|2|2058.72|2
1138|445|74|4|1713.98|4
316|126|26|3|1280.55|2
502|197|58|3|5688.77|3
185|74|15|6|971.93|1
895|351|37|2|1473.93|2
417|167|40|6|5754.05|2
484|189|34|2|4264.18|2
379|151|35|6|3242.04|2
165|68|117|6|2246.54|6
630|249|4||5351.88|1
618|245|90|5|5252.92|5
353|140|9|3|774.38|1
411|164|32|3|5287.66|2
1567|617|93|4|2656.48|5
1472|580|68|2|4049.9|4
2|2|33|2|3732.21|2
944|370|99|2|5579.04|5
339|136|92|4|2974.98|5
811|317|54|3|1056.45|3
1804|712|10|5|3493.6|1
1670|656|107|2|3198.09|6
1844|731|18|5|1459.16|1
634|250|48|3|3798.24|3
1460|575|41|3|5977.99|3
111|46|31|2|792.3|2
683|269|73|5|1216.44|4
1359|538|104|6|"₹4|811.23"|6
267|105|67|3|2299.78|4
286|115|101|1|5527.58|6
1543|607|12|1|3015.05|1
1936|767|58|4|3820.91|3
1823|722|90|2|2634.34|5
1223|480|120|4|5364.71|6
616|244|81|6|4813.52|5
1694|664|2|4|5569.67|1
1049|412|13|2|3180.77|1
336|135|23|5|3989.53|2
59|28|109|6|4706.53|6
1215|476|66||2183.42|4
821|320|75|3|358.04|4
1183|463|16|2|"₹3|205.21"|1
552|215|81|5|1225.4|5
1783|703|119|2|"₹1|993.84"|6
863|337|16|1|2224.4|1
221|88|8|5|3882.74|1
1039|407|58|5|4903.79|3
480|188|56|2|1960.7|3
83|36|84|1|2879.2|5
615|244|116|5|440.08|6
822|321|26|2|1775.2|2
1390|550|39|4|2526.98|2
989|388|93|4|1936.63|5
1927|764|96|1|844.75|5
1231|484|99|6|1574.8|5
765|300|41||129.44|3
518|203|79|2|2660.22|4
499|196|91|6|2930.15|5
1620|635|62||4000.49|4
1862|738|97|1|4862.64|5
891|348|58|6|5377.99|3
1180|462|19|2|1713.52|1
1948|771|6|6|5305.07|1
935|363|78|1|"₹1|144.70"|4
1943|770|66|6|3568.68|4
900|352|17||3264.07|1
45|19|100||535.58|5
1448|570|80|3|"₹2|303.73"|4
1977|783|29|6|1253.5|2
1445|569|110|3|2464.54|6
334|134|50|4|1954.9|3
628|248|12|5|3354.54|1
734|289|69|1|5365.18|4
384|152|39|4|2519.54|2
206|83|45|2|2299.2|3
1618|635|82|4|4041.59|5
690|271|111|1|2104.74|6
686|270|3|3|4740.87|1
1704|668|65|6|5754.29|4
864|338|43|2|4082.13|3
326|129|7|1|3038.0|1
17|8|96|5|"₹1|477.60"|5
735|289|105|6|2725.54|6
1290|507|62|4|3189.2|4
215|85|103|5|4397.41|6
1851|734|110|5|2364.22|6
70|31|81|6|"₹2|218.64"|5
1206|471|94|2|2928.97|5
1450|571|113|6|350.79|6
774|304|61|2|5755.94|4
2019|800|65|4|4767.93|4
763|300|6|6|1423.83|1
662|262|48|3|1833.49|3
1749|689|22|5||2
957|375|28|4|1397.57|2
1867|739|49|--|4498.24|3
1727|678|86|1|2829.57|5
382|151|26|unknown|2827.67|2
1482|582|19|3|4016.97|1
1349|533|63|2|5944.53|4
1059|417|16|5|1747.86|1
237|95|12|1|2514.82|1
65|29|83|1|2254.6|5
535|209|91|3|1951.28|5
958|375|85|3|3933.68|5
447|176|22|1|2465.11|2
529|208|13|4|3998.05|1
1473|580|34|2|4999.24|2
1052|414|44|5|2632.78|3
1619|635|67|5|1518.09|4
551|215|84|2|2670.15|5
1130|442|77|2|"₹3|950.50"|4
1032|404|51|6|1916.79|3
1891|749|10|5|2717.49|1
701|276|97|5|3556.57|5
425|169|102|1|1715.82|6
592|232|78|6|713.44|4
1397|554|91|2|2598.65|5
1324|521|24|4|1190.67|2
711|280|101|2|3270.46|6
889|348|9|5|2378.96|1
1439|567|38|2|501.15|2
1830|724|103|1|5251.21|6
1165|457|36|2|4400.72|2
1805|713|52|5|433.22|3
319|127|92|5|3601.53|5
1705|669|12|6|1695.95|1
1199|469|110|1|5688.98|6
76|33|104|4|5801.79|6
1872|742|35|6|"₹1|577.03"|2
1408|558|4|2|1764.02|1
1293|509|8|6|1221.13|1
921|358|93|2|5460.55|5
1842|730|7|3|5411.51|1
1639|642|24|3|267.66|2
715|281|22|1|454.03|2
745|294|5|3|3006.74|1
1186|464|37|5|1698.22|2
1702|668|7|3|911.54|1
1686|661|36|6|4103.93|2
190|77|9|1|5242.58|1
2006|794|69|2|4698.36|4
1719|675|89|3|3071.51|5
1429|564|78|6|3186.39|4
532|208|3|1|4468.05|1
605|239|97|4|2226.8|5
1606|630|106|1|917.53|6
1808|714|44|4|1638.2|3
559|217|51|1|2068.72|3
386|154|106|3|3910.65|6
1792|708|44|2|4124.93|3
848|332|27|2||2
647|256|114|2|2908.89|6
1921|761|44|3|794.99|3
288|116|45|1|634.6|3
572|222|61|3|2683.85|4
1676|658|39|6|2068.06|2
588|230|16|5|1421.16|1
2017|798|94|2|5645.08|5
777|305|98|1|3788.56|5
110|46|45|4|125.96|3
1651|647|115|1|3492.86|6
272|108|105|2|5547.12|6
1512|595|1|3|4713.96|1
1664|652|55|3|221.88|3
1316|518|69|6|5873.7|4
1395|554|71||"₹4|296.30"|4
631|249|70|5|1625.27|4
506|200|33|2|1515.47|2
1484|583|120|2||6
1895|751|19|1|2025.59|1
943|369|77|1|386.12|4
768|302|89|4|5749.88|5
1307|514|83|2|5937.26|5
446|176|26|3|4236.44|2
1958|776|115|5|3272.7|6
1583|624|50|3|3649.63|3
1606|630|106|1|917.53|6
1284|505|98|2|3246.99|5
1211|474|118|5|4135.06|6
1818|720|109|2|225.52|6
381|151|94|6|452.3|5
1541|605|75|1|753.5|4
1495|586|65|1|4224.97|4
374|149|52|3|3786.29|3
186|75|112|2|3171.06|6
239|96|91|5|4554.94|5
181|73|104|1|1210.29|6
949|371|113|1|4800.85|6
1160|454|67|3|3675.42|4
177|72|68|1|2872.97|4
1427|563|84|2|4635.07|5
1164|456|78|5|1373.64|4
1673|657|58|4|4434.41|3
700|275|106|1|405.08|6
242|96|6|3|5023.05|1
719|282|108|5|1758.74|6
1954|773|118|3|5932.95|6
561|219|109|4|4447.76|6
1929|764|22|1|880.03|2
7|4|63|2|4815.29|4
1828|723|12|5|158.29|1
1302|512|35|5|801.71|2
355|141|59|6|5192.87|3
839|329|112|2|5122.87|6
1036|406|56|2|1139.77|3
1411|559|25|5|1289.18|2
407|163|57|4|1599.4|3
1247|490|65|1|4626.57|4
565|220|30|6|457.16|2
92|39|42|1|5856.53|3
1600|629|41|3|2461.03|3
354|140|22|1|3275.66|2
1946|771|37|3|2365.0|2
547|213|87|4|"₹4|846.38"|5
1493|585|74|1|2283.51|4
303|122|72|6|338.59|4
1028|403|97|6|5228.57|5
1560|614|12|3|4276.69|1
396|158|111|1|1951.04|6
134|55|43|2|288.36|3
1801|711|29|3|5540.41|2
1372|543|69|TBD|2368.3|4
1368|542|89|4|3649.28|5
1817|720|56|4|1889.17|3
1776|700|64|6|2909.84|4
1361|538|20|6|963.88|1
30|12|41|5|161.41|3
1058|417|93|2|250.51|5
751|295|88|5|3433.33|5
1676|658|39|6|2068.06|2
1202|470|31|1|1073.17|2
1953|773|114|2|1801.03|6
1453|572|20|1|1813.9|1
649|256|68|4|3569.61|4
1377|544|3|3|3393.41|1
682|268|80|5|3502.45|4
35|14|12|1|5636.18|1
1511|594|45|4|2535.31|3
1838|728|46|2|2715.9|3
1342|530|8|5|"₹4|182.04"|1
580|226|17|2|1275.96|1
1692|663|79|1|2656.41|4
1115|436|90|5|2422.26|5
200|80|80|2|4298.69|4
644|255|106|3|2779.43|6
128|53|49|2|532.83|3
1456|574|45|4|2863.08|3
1306|513|18|3|"₹5|251.96"|1
909|355|117|5|5286.51|6
115|48|88|4|3034.34|5
245|97|20|3|1870.0|1
860|336|116|1|1836.66|6
170|69|27|2|5888.38|2
270|106|29||5005.28|2
363|144|39|3|5818.62|2
1294|510|64|6|3240.57|4
1446|569|110|5|5510.13|6
314|125|14|6|5558.21|1
1461|576|28|6|4472.58|2
1256|493|91|1|4235.76|5
60|28|101|1|3285.76|6
757|298|33|6|3403.68|2
79|34|16|2|4860.91|1
213|85|115|3|5819.67|6
1909|756|67|4|1968.94|4
1538|605|99|3|3988.62|5
1327|523|40|TBD|5321.99|2
1536|604|29|3|1242.59|2
1740|684|78|1|3165.95|4
356|142|35|1|4205.16|2
1005|394|1|1|5182.77|1
931|362|63|4|501.6|4
1295|510|66|1|1075.56|4
1245|488|50|2|746.42|3
965|378|114|6|1975.01|6
1471|579|39|6|2762.38|2
63|29|43|6|1885.69|3
1172|460|92|3|3424.49|5
118|50|33|3|3738.23|2
1281|504|25|6|2729.04|2
2010|796|100|6|2065.4|5
519|204|12|1|3127.71|1
1443|569|84|2|5643.99|5
1425|562|81|1|5720.63|5
90|38|9||4845.28|1
816|319|104|6|2316.88|6
981|384|27|5|418.04|2
1315|517|36|2|1609.32|2
564|219|93|5|"₹5|617.16"|5
1326|522|94|2|3919.63|5
69|31|90|4|5388.12|5
560|218|81|6|2646.55|5
1243|488|42|4|3059.97|3
27|10|51|4|4660.59|3
1030|403|103|3|4902.95|6
520|204|60|6|1421.96|3
756|298|89|6|3243.35|5
1806|713|90|1|3537.36|5
673|266|20|6|2017.78|1
636|251|16|4||1
1201|470|82|1|551.49|5
1812|716|31|4|529.18|2
400|160|31|1|3467.74|2
1078|423|85|6|626.65|5
740|292|57|1|1405.97|3
906|354|88|4|1724.1|5
402|161|64|1|1503.65|4
22|9|68|N/A|673.45|4
1532|602|118|1|3472.58|6
367|146|74|4|4846.16|4
767|301|104|1|5941.56|6
1985|786|79|4|3822.06|4
392|156|26|2|1708.0|2
1147|449|84|N/A|"₹4|544.70"|5
1264|496|29|3|2612.85|2
438|174|102|3|2762.79|6
1874|742|40|5|3997.58|2
1492|585|27|2|5832.29|2
709|279|11|6|3051.55|1
1373|543|75|6|2587.86|4
1579|622|48|2|4698.14|3
955|374|46|3|1123.37|3
749|295|64|2|3354.53|4
52|25|5|1|514.43|1
365|145|101|1|5057.24|6
714|281|80|3|3952.05|4
1906|756|69|6|814.33|4
1858|736|117|3|4879.44|6
1143|447|117|5|1189.85|6
247|98|37|--|1157.3|2
1404|556|52|4|1071.46|3
514|202|48|5|1278.24|3
1616|634|17|3|5184.18|1
1424|562|88|4|563.64|5
1980|784|26||3844.16|2
905|354|76|2|3063.6|4
1926|763|54|3|4615.51|3
896|351|85|5|511.88|5
293|119|37|2|5418.8|2
1457|575|14|1|1162.61|1
569|221|64|5|5638.89|4
1298|511|27|2|120.24|2
1881|745|99|3|1630.29|5
439|174|112|6|886.71|6
1240|487|26|4|5761.22|2
161|67|55|3|4217.52|3
1087|426|49|6|4482.51|3
650|257|112|3|3546.39|6
1756|692|16|5|2396.63|1
1811|715|97|6|5481.69|5
728|286|77|3|192.66|4
972|381|97|2|3755.62|5
1447|570|57|3|3122.63|3
790|310|101|1|2778.05|6
1585|625|92|5|5682.0|5
773|304|108|3|1557.21|6
806|316|82|2|4732.06|5
1148|449|27|6|5394.85|2
494|194|32|4|"₹4|092.76"|2
1990|789|70|4|1841.96|4
1557|612|28|1|2031.48|2
1025|402|25|4|1077.36|2
620|246|2|3|5410.23|1
670|265|61|6|"₹5|017.73"|4
1832|724|17|4|1164.5|1
1362|539|50|4|4354.93|3
1892|750|31|2|2021.16|2
901|352|62|6||4
1744|687|24|2|5065.15|2
1048|411|86|5|4755.32|5
281|112|100|4|4567.27|5
107|44|79|6|320.97|4
160|66|89|3|3231.43|5
2016|798|43|4|1371.13|3
1|1|17|5|552.49|1
974|381|38|2|993.86|2
338|135|22|4|2640.02|2
294|119|69|1|5843.12|4
301|122|15|5|900.88|1
1850|734|39|1|451.35|2
1646|646|25|3|1216.75|2
188|76|61|3|2577.77|4
1764|695|23|6|992.28|2
475|186|56|2|1635.4|3
1605|630|14|1|1420.68|1
6|3|23|3|4715.91|2
345|137|79|6|2180.31|4
1914|758|94|4|2234.1|5
1941|769|76|5|2281.26|4
1370|542|84|2|2359.79|5
1262|495|111|1|2343.08|6
1510|593|15|2|5151.42|1
1654|649|51|4|696.7|3
568|220|83|4|5344.93|5
1834|726|38|2|3675.13|2
1213|475|87|5|5431.41|5
1748|688|24|2|4928.45|2
1582|624|116|2|3412.68|6
1179|462|47|3|4689.62|3
1829|724|96|5|3450.49|5
785|309|53|2|5200.04|3
1569|618|105|3|3774.17|6
1321|521|20|4|1466.17|1
1203|470|8|1|4485.12|1
1070|420|94|4|1832.79|5
1633|640|66|2|4701.12|4
260|102|82|1|3130.81|5
210|84|119|3|1019.71|6
1847|732|5|2|4219.22|1
539|210|11|6|5893.9|1
366|146|37|3|379.44|2
574|223|78|6|3975.05|4
444|175|3|5|3916.93|1
1497|587|46|5|2611.51|3
211|84|95|5|5855.05|5
313|125|52|6|3583.29|3
1214|475|23|1|2264.6|2
1890|749|31||2162.4|2
415|165|95|6|4812.75|5
1351|534|37|3|549.11|2
1314|517|2|3|1392.75|1
1109|434|7|2|5153.99|1
1150|450|1|5|2737.67|1
522|204|64|5|3813.4|4
1944|770|99|1|1469.35|5
1571|618|73|3|"₹2|305.37"|4
1279|502|17|6|4480.27|1
753|297|34|5|5146.33|2
627|248|67|5|1774.17|4
1494|586|3|3|5389.26|1
1197|469|36|4|3170.51|2
873|341|93|6|1337.26|5
1778|701|113|2|4395.16|6
1681|659|110|2|3989.26|6
1991|789|29|1|5780.22|2
563|219|52|4|3127.8|3
395|157|93|4|4714.18|5
29|11|25|5|2089.7|2
1288|506|115|3|2745.05|6
707|278|32|5|3943.15|2
463|182|112|3|5847.96|6
1146|449|69|6|4930.08|4
1304|513|6|6|973.02|1
718|282|108|6|1354.25|6
137|56|22|3|1396.14|2
321|128|61|6|3657.68|4
1218|477|87|2|5006.19|5
960|376|53|3|4627.52|3
1280|503|6|5|5812.15|1
126|52|100|1|2023.18|5
194|78|86|6|3226.98|5
678|267|83|1|5208.13|5
2009|795|93|1|4833.24|5
1102|432|19|N/A|3632.39|1
193|78|101|3|"₹2|967.28"|6
1422|562|62|5|5224.99|4
409|163|48|6|5696.39|3
385|153|82|2|5090.21|5
1437|567|71|1|3042.58|4
639|252|73|6|5375.6|4
1917|759|30|4|4738.19|2
138|57|78|2|4757.33|4
964|378|43|2|3847.59|3
308|124|9|4|5639.58|1
368|147|92|5|657.93|5
853|334|57|5|2173.29|3
651|257|82|4|5978.42|5
21|9|58|4|4102.11|3
971|380|16|3|"₹1|493.74"|1
1699|666|28|3|4969.28|2
1465|577|77|4|₹467.16|4
1074|422|107|6|5977.2|6
337|135|100|unknown|5318.73|5
278|111|89|2|1912.83|5
1746|687|88|4|5168.95|5
1856|736|120|1|5468.32|6
1530|601|4||2679.78|1
677|267|86|4|4440.89|5
432|171|98|1|3883.1|5
948|371|88|6|471.71|5
967|379|117|--|2354.99|6
515|203|114|4|2909.99|6
70|31|81|6|"₹2|218.64"|5
1064|418|105|3|197.12|6
761|299|53|3|817.13|3
1976|783|76|4|5244.48|4
1258|494|20|2|809.72|1
1870|741|32|5|1844.37|2
419|167|111|2|5159.12|6
1403|556|62|3|3949.93|4
1940|768|120|5|593.36|6
595|235|106|5|346.62|6
1945|770|64|3|383.9|4
340|136|15|5|4081.65|1
1332|525|78|1|2328.46|4
1155|453|70|2|2595.0|4
762|300|64|3|3150.82|4
1822|722|7|--|4616.52|1
1260|495|119||961.63|6
661|262|16|3|1898.06|1
1071|420|25|6|943.65|2
556|217|63|4|214.8|4
1386|549|4|2|2253.94|1
1803|712|112|2|5810.88|6
1475|580|97|3|1069.75|5
603|239|44|3|3078.63|3
892|349|22|1|4080.82|2
241|96|49|3|3366.81|3
608|240|55|4|5515.32|3
19|8|34|2|3228.61|2
818|319|1|3|157.36|1
857|335|103|4|1969.42|6
1121|439|84|1|2236.13|5
1791|707|47|4|3451.94|3
1534|604|82|6|4686.78|5
287|116|76|2|1189.21|4
998|391|49|4|5137.85|3
1075|422|112|4|1090.51|6
1645|645|84|4|4417.81|5
1283|505|39|6|2896.77|2
350|139|46|4|2171.49|3
1015|397|119|4|4439.42|6
869|340|37|3|4719.46|2
1814|718|114|5|2923.75|6
80|34|86|5|2803.39|5
233|93|115|4|4397.77|6
1782|702|98|3|3677.55|5
897|351|8|3|3158.34|1
405|162|120||"₹2|593.93"|6
341|136|85|5|4142.71|5
249|98|4|1|4610.84|1
1533|603|96|6|869.23|5
1065|418|47|1|5819.63|3
332|132|65|3|3299.38|4
28|11|94|6|3572.47|5
1551|610|16|3|5962.06|1
261|102|99|6|1180.16|5
770|303|40|1|3792.37|2
159|66|81|1||5
1433|566|31|2|5981.36|2
872|341|111|4|1441.71|6
216|85|119|4|2097.24|6
1887|748|8|6|5951.63|1
167|69|80|1|2255.87|4
1502|589|82|3|4241.35|5
1515|595|116|4|4071.47|6
1759|693|117|3|5779.5|6
1137|445|29|1|3561.42|2
1054|415|105|2|5650.85|6
1992|789|115|3|2574.6|6
1452|571|32|6|4944.29|2
945|370|48||5460.66|3
660|261|74|3|336.66|4
483|189|30|2|310.59|2
1336|528|102|1|5748.94|6
642|254|92|4|3165.03|5
1024|402|116|1|"₹3|158.37"|6
1118|438|74|2|2706.11|4
1001|392|49|4|1903.5|3
1628|638|14|3|1330.1|1
1152|451|27|6|1050.14|2
1547|608|88|4|2313.0|5
429|170|65|1|2174.95|4
1414|560|6|1|1955.02|1
550|214|25|1|1333.45|2
12|7|93|6|1085.97|5
1785|704|74|5|1277.43|4
1995|790|41|6|₹768.86|3
1227|481|93|2|2471.2|5
1158|454|85|5|2724.03|5
1412|559|119|1|"₹1|516.98"|6
659|261|53|1|812.11|3
75|33|64|5|5792.23|4
309|124|48|2|174.44|3
1709|671|55|4|5803.75|3
692|272|49|3|636.05|3
1517|597|20|3|5059.54|1
638|252|104|6|5934.1|6
844|331|42|6|2304.88|3
517|203|97|--|4883.87|5
1011|396|50|5|1056.94|3
1572|619|58|2|5346.75|3
121|50|23|2|4733.4|2
477|187|107|3||6
1558|613|11|6|4179.45|1
1161|455|89|1|4008.44|5
1720|675|88|6|2208.6|5
1481|582|93|6|3512.09|5
1072|420|67|5|4729.69|4
970|380|3|5|4576.75|1
1717|674|24|4|4715.19|2
1263|496|90|6|5881.73|5
826|323|117|1|222.86|6
290|117|110|5|4705.73|6
1956|775|13|2|3356.76|1
512|202|116|6|3659.73|6
1216|476|7|4|3022.5|1
1004|393|61|2|1011.87|4
1930|764|111|5|5518.88|6
1772|698|42|5|5734.65|3
426|169|11|4|2878.44|1
347|138|6|2|5036.91|1
1994|790|15|2|2840.94|1
1582|624|116|2|3412.68|6
172|70|95|5|5238.68|5
1291|508|22|5|1716.48|2
1659|650|65|6|3769.5|4
295|120|119|2|5529.82|6
681|268|72|1|1234.32|4
637|251|95|1|2772.57|5
1317|519|93|6|4158.88|5
224|90|66|4|1246.26|4
1154|452|11|1|3085.28|1
977|382|41|6|4742.13|3
758|299|1|4|3880.7|1
916|357|50|6|1181.32|3
476|187|6|2|3044.34|1
1580|622|16|1|1978.68|1
814|318|89|2|2851.57|5
51|24|117|4|4319.86|6
1184|464|76|4|662.69|4
459|180|4|3|5858.16|1
927|361|49|3|4500.15|3
222|89|101|3|1253.72|6
1464|576|19|6|1358.47|1
1120|439|28|6|1253.36|2
1563|615|119|2|1574.55|6
764|300|36|4|3240.22|2
1949|771|94|2|2639.17|5
807|316|44|2|4039.37|3
1491|585|77|4|1374.21|4
1018|399|90|6|3906.47|5
36|15|77|6|817.56|4
784|309|52|1|3741.08|3
501|197|6|6|3770.95|1
1038|406|63|2|3064.42|4
1093|428|17|3|5728.0|1
1440|568|46||625.45|3
1859|737|97|1|2110.57|5
583|226|27|5||2
990|389|32||2600.7|2
571|222|21|3|4383.63|2
1149|450|111|5|4200.77|6
833|327|102|2|1229.92|6
1981|784|12|5|5156.23|1
456|179|27|5|1370.84|2
191|77|30|5|3902.56|2
880|344|74|2|1901.87|4
597|237|117|3|1025.49|6
772|303|104|1|3594.93|6
966|379|9|3|203.13|1
1181|462|13|4|5877.96|1
1344|531|14|5|1849.76|1
1986|787|82|3|2955.98|5
542|212|15|1|1112.24|1
205|82|27|5|4271.09|2
416|166|89|6|1513.09|5
940|367|57|6|380.76|3
562|219|77|unknown|317.4|4
619|245|93|6|1949.8|5
48|22|63|2|3699.78|4
1523|599|82|4|5865.4|5
1050|413|49|5|3167.44|3
871|340|97|6|169.16|5
663|263|102|2|937.62|6
1608|631|29|2|618.3|2
640|253|45|3|1777.76|3
1760|694|113|6|2803.27|6
1241|487|35|1|2583.46|2
1703|668|113|3|4732.05|6
398|159|53|3|4061.87|3
802|315|2|5|3559.0|1
1624|636|72|2|"₹3|989.94"|4
1205|471|55|6|3100.23|3
1508|592|86|3|5124.06|5
196|79|115|3|1112.25|6
311|125|57|5|3984.43|3
1883|746|19|5|3969.27|1
1239|487|116|1|1044.84|6
1110|435|39|6|5482.02|2
1701|668|46|6|5020.25|3
1521|599|107|1|4826.86|6
31|12|2|1|169.57|1
42|18|82|4|5542.9|5
851|333|120|3|1600.72|6
1501|588|56|4|"₹1|780.66"|3
1562|615|56|5|5682.44|3
1441|568|23|6|4653.45|2
1479|582|106|1|3408.36|6
1034|405|100|6|2564.25|5
152|64|17|3|1844.16|1
157|66|24|unknown|3797.18|2
174|71|42|3|5396.8|3
