ReturnID,OrderItemID,ReturnDate,ReturnedQuantity
1,454,2025-11-20,2
2,1211,08/06/2024,2
3,889,2025-02-20,2
4,1364,26-04-2024,2
5,545,30/09/2025,1
6,213,07-Dec-2024,2
7,1600,2024-02-21,1
8,1693,24-Nov-2025,1
9,1452,2025-05-31,1
10,1000,18-09-2024,2
11,1149,11-04-2025,1
12,1243,2024-01-23,1
13,1716,2025-09-28,2
14,1159,10/03/2025,1
15,770,2025-03-08,2
16,1063,14/10/2025,2
17,1783,04/10/2024,2
18,1895,2024-10-06,2
19,1368,2024-09-07,2
20,784,29-Mar-2024,1
21,87,12-05-2024,1
22,1233,15/07/2025,1
23,221,13/06/2025,2
24,1210,27-04-2024,1
25,1717,2026-01-17,1
26,1626,2025-05-01,1
27,1317,26/04/2025,2
28,1954,2025-09-07,1
29,202,02/02/2024,1
30,1179,2024-12-31,1
31,195,16/03/2024,1
32,241,2026-01-16,2
33,1980,2026-01-25,2
34,1565,27/03/2025,1
35,489,2025-02-19,2
36,739,2024-11-23,2
37,1189,2024-12-14,2
38,1378,06-06-2024,2
39,1453,17-Jan-2024,1
40,1851,01-09-2026,1
41,1237,23/03/2024,2
42,864,2026-01-27,1
43,1670,21-Sep-2024,1
44,807,2024-07-14,2
45,1472,2026-01-26,1
46,1525,16-Apr-2024,2
47,82,2025-03-03,2
48,712,31-05-2024,1
49,1326,2024-04-18,1
50,1615,2026-01-04,2
51,902,2025-06-05,2
52,1746,2025-02-25,2
53,944,03/11/2025,2
54,1175,17-04-2025,2
55,1769,31-01-2024,1
56,1071,2025-08-03,2
57,77,2024-04-17,1
58,1926,2024-01-15,2
59,817,02-08-2024,2
60,1666,22-Mar-2024,1
61,1650,23/10/2025,1
62,1287,2025-07-12,2
63,1593,19-04-2024,1
64,885,2025-09-16,1
65,1371,06/04/2025,1
66,1860,2025-06-13,2
67,53,11/02/2024,1
68,443,25-Nov-2024,1
69,1162,02/01/2025,1
70,371,2024-04-22,1
71,50,29-Sep-2025,2
72,1292,2025-11-15,2
73,1938,13-Apr-2025,1
74,674,2024-12-22,1
75,203,12-Sep-2024,2
76,599,21-07-2024,1
77,1886,2025-01-11,2
78,845,16/11/2025,1
79,1643,2025-06-26,2
80,59,03/07/2025,2
81,1494,23/07/2025,2
82,936,2024-12-04,1
83,1740,05-Nov-2024,2
84,1825,2025-02-27,1
85,520,2025-05-27,1
86,735,05/12/2024,2
87,1677,2024-11-19,2
88,1399,11/12/2025,1
89,705,21-Jul-2024,2
90,722,03/09/2025,1
91,1994,2025-10-28,1
92,1978,2025-07-11,2
93,510,2025-02-08,1
94,567,12-11-2025,1
95,914,2025-06-14,1
96,1606,2024-08-17,1
97,98,24/08/2024,1
98,665,2026-01-11,1
99,939,17/08/2025,1
100,1432,26-Feb-2024,1
101,1301,2025-12-16,2
102,539,15-Jan-2024,2
103,1575,10-Jul-2024,1
104,329,25-Jan-2025,2
105,429,2024-02-25,1
106,1144,08/10/2025,2
107,1579,07/12/2025,2
108,1121,07-Aug-2024,2
109,1328,05/03/2025,2
110,660,2025-03-09,1
111,1517,2025-05-24,1
112,822,13/10/2025,1
113,1543,23-12-2025,1
114,714,19/11/2025,1
115,1671,2025-10-24,1
116,353,2025-05-25,2
117,1730,30-Jun-2024,2
118,1024,08/12/2025,2
119,1755,2024-10-28,2
120,183,2025-08-16,1
121,684,18-02-2025,1
122,721,08/04/2024,2
123,1263,2024-08-03,1
124,1103,2025-05-05,1
125,1516,2024-09-01,2
126,1649,2024-07-17,1
127,1713,2024-09-14,2
128,1979,03/04/2025,2
129,467,13-09-2025,1
130,649,13/08/2024,1
131,1698,2025-08-15,1
132,627,25-12-2024,2
133,208,2024-07-08,1
134,1873,2025-10-31,2
135,1479,15-Jun-2024,1
136,186,2024-08-28,1
137,1310,19/12/2024,2
138,832,02-05-2024,1
139,641,18/09/2024,2
140,1274,2025-08-03,2
141,1019,2024-03-09,1
142,382,2025-03-05,1
143,1550,05/10/2025,2
144,415,2025-01-24,1
145,543,2025-12-11,2
146,1754,14/01/2024,2
147,1449,2025-08-13,1
148,995,2025-10-15,1
149,719,31/01/2024,2
150,691,18/08/2025,2
151,1651,13/12/2025,2
152,897,10/09/2024,2
153,1835,29-Dec-2024,2
154,741,15-May-2025,1
155,1546,2025-04-20,2
156,327,2024-08-27,1
157,1965,11-Feb-2025,1
158,346,21/01/2025,2
159,662,2024-11-13,2
160,33,06/03/2025,1
161,229,2025-02-25,2
162,389,11-Aug-2024,2
163,1192,2025-03-13,2
164,636,09-Apr-2025,2
165,1862,2025-01-17,2
166,1037,26/05/2024,1
167,1435,2024-09-18,1
168,1316,2025-08-15,2
169,1148,2025-04-29,2
170,607,28/01/2025,1
171,1147,2025-02-16,1
172,365,19/07/2025,2
173,816,2025-10-10,1
174,1267,2024-08-20,1
175,1425,2025-11-16,2
176,156,13-Jul-2024,1
177,407,2025-12-21,1
178,192,16-Oct-2024,1
179,1458,2025-10-28,1
180,1225,2024-06-13,2
